Symbol,Stage
1018GS2026,STAGE 1
20MICRONS,STAGE 4
21STCENMGM,STAGE 4
360ONE,STAGE 4
3IINFOLTD,STAGE 4
3MINDIA,STAGE 4
3PLAND,STAGE 4
563GS2026,STAGE 2
574GS2026,STAGE 1
577GS2030,STAGE 3
579GS2030,STAGE 4
585GS2030,STAGE 3
591GS2028,STAGE 4
5PAISA,STAGE 4
601GS2030,STAGE 4
610GS2031,STAGE 2
619GS2034,STAGE 3
622GS2035,STAGE 4
628GS2032,STAGE 4 and STAGE 1
633GS2035,STAGE 1
63MOONS,STAGE 4
648GS2035,STAGE 4
654GS2032,STAGE 1
657GS2033,STAGE 3
664GS2027,STAGE 4
664GS2035,STAGE 3
667GS2035,STAGE 1
667GS2050,STAGE 1
668GS2040,STAGE 4
675GS2029,STAGE 1
676GS2061,STAGE 3
679GS2031,STAGE 4
679GS2034,STAGE 4
679GS2034A,STAGE 4
68GS2060,STAGE 3
690GS2065,STAGE 3
692GS2039,STAGE 4
695GS2061,STAGE 4
697GR2034,STAGE 4 and STAGE 1
698GR2054,STAGE 4
699GS2026,STAGE 1
699GS2051,STAGE 4 and STAGE 1
702GS2027,STAGE 1
702GS2031,STAGE 4
704GS2029,STAGE 1
706GS2028,STAGE 3
706GS2046,STAGE 3
709GS2054,STAGE 3
709GS2074,STAGE 4
710GS2029,STAGE 3
716GS2050,STAGE 3
717GS2028,STAGE 4
717GS2030,STAGE 3
718GS2033,STAGE 4
718GS2037,STAGE 4
719GS2060,STAGE 4
71GS2034,STAGE 4
723GS2039,STAGE 3
724GS2055,STAGE 3
725GS2063,STAGE 4
726GS2029,STAGE 4
726GS2032,STAGE 3
726GS2033,STAGE 4
727GS2026,STAGE 4 and STAGE 1
732GS2030,STAGE 4 and STAGE 1
733GS2026,STAGE 4
734GS2064,STAGE 3
735NABAR31,STAGE 3
736GS2052,STAGE 4
737GR2054,STAGE 1
737GS2028,STAGE 4
738GS2027,STAGE 2
73GS2053,STAGE 4
740IIFCL33,STAGE 4
741GS2036,STAGE 1
743GS2076,STAGE 1
746GS2073,STAGE 4
74GS2035,STAGE 3
74GS2062,STAGE 4
754GS2036,STAGE 4
757GS2033,STAGE 3
759GS2026,STAGE 2
75GS2034,STAGE 4
762GS2039,STAGE 3
763GS2059,STAGE 3
769GS2043,STAGE 4
772GS2049,STAGE 3
772GS2055,STAGE 3
813GS2045,STAGE 3
824GS2027,STAGE 1
826GS2027,STAGE 4
828GS2027,STAGE 4 and STAGE 1
832GS2032,STAGE 2
833GS2026,STAGE 1
83GS2040,STAGE 4
83GS2042,STAGE 1
86GS2028,STAGE 3
883GS2041,STAGE 4 and STAGE 1
897GS2030,STAGE 3
92GS2030,STAGE 3
A2ZINFRA,STAGE 4
AAATECH,STAGE 4
AADHARHFC,STAGE 4
AAKAAR,STAGE 4
AAKASH,STAGE 1
AARADHYA,STAGE 4
AAREYDRUGS,STAGE 4 and STAGE 1
AARON,STAGE 4
AARTECH,STAGE 4
AARTIDRUGS,STAGE 4
AARTIIND,STAGE 2
AARTIPHARM,STAGE 4 and STAGE 1
AARTISURF,STAGE 3
AARVI,STAGE 3
AATMAJ,STAGE 3
AAVAS,STAGE 4
ABAN,STAGE 4
ABB,STAGE 2
ABBOTINDIA,STAGE 4
ABCAPITAL,STAGE 1
ABCOTS,STAGE 3
ABDL,STAGE 4
ABFRL,STAGE 4
ABGSEC,STAGE 2
ABHAPOWER,STAGE 4 and STAGE 1
ABINFRA,STAGE 3
ABLBL,STAGE 4
ABMINTLLTD,STAGE 4
ABREL,STAGE 4
ABSLAMC,STAGE 2
ABSLBANETF,STAGE 4
ABSLLIQUID,STAGE 1
ABSLNN50ET,STAGE 4
ABSLPSE,STAGE 4
ABSMARINE,STAGE 4 and STAGE 1
ACC,STAGE 4
ACCELYA,STAGE 4
ACCENTMIC,STAGE 2
ACCORD,STAGE 2
ACCPL,STAGE 2
ACCURACY,STAGE 4
ACE,STAGE 4
ACEINTEG,STAGE 4
ACI,STAGE 3
ACL,STAGE 4
ACMESOLAR,STAGE 2
ACTIVEINFR,STAGE 1
ACUTAAS,STAGE 2
ADANIENSOL,STAGE 1
ADANIENT,STAGE 2
ADANIGREEN,STAGE 2
ADANIPORTS,STAGE 2
ADANIPOWER,STAGE 1
ADDICTIVE,STAGE 4
ADFFOODS,STAGE 4 and STAGE 1
ADL,STAGE 4 and STAGE 1
ADOR,STAGE 4 and STAGE 1
ADROITINFO,STAGE 4
ADSL,STAGE 1
ADVAIT,STAGE 2
ADVANCE,STAGE 4
ADVANIHOTR,STAGE 4
ADVENTHTL,STAGE 4
ADVENZYMES,STAGE 2
AEGISLOG,STAGE 4
AEGISVOPAK,STAGE 4
AEQUS,STAGE 4 and STAGE 1
AEROENTER,STAGE 2
AEROFLEX,STAGE 2
AERON,STAGE 4 and STAGE 1
AERONEU,STAGE 1
AESTHETIK,STAGE 4
AETHER,STAGE 2
AFCONS,STAGE 4
AFFLE,STAGE 1
AFFORDABLE,STAGE 4
AFIL,STAGE 1
AFSL,STAGE 1
AGARIND,STAGE 4
AGARWALEYE,STAGE 4
AGARWALFT,STAGE 4
AGARWALTUF,STAGE 2
AGI,STAGE 4
AGIIL,STAGE 2
AGNI,STAGE 4
AGRITECH,STAGE 4
AGROPHOS,STAGE 4
AGSTRA,STAGE 4
AGUL,STAGE 4
AHCL,STAGE 3
AHIMSA,STAGE 2
AHLADA,STAGE 4
AHLEAST,STAGE 1
AHLUCONT,STAGE 4
AIAENG,STAGE 4 and STAGE 1
AIIL,STAGE 4
AILIMITED,STAGE 2
AIMTRON,STAGE 2
AIRAN,STAGE 4
AIROLAM,STAGE 4
AIRTELPP,STAGE 2
AISL,STAGE 4
AJANTPHARM,STAGE 2
AJAXENGG,STAGE 4
AJMERA,STAGE 4
AJOONI,STAGE 4
AKANKSHA,STAGE 4 and STAGE 1
AKASH,STAGE 4
AKG,STAGE 4
AKI,STAGE 4
AKIKO,STAGE 1
AKSHAR,STAGE 4
AKSHARCHEM,STAGE 4
AKSHOPTFBR,STAGE 1
AKUMS,STAGE 2
AKZOINDIA,STAGE 4
ALANKIT,STAGE 4
ALBERTDAVD,STAGE 4 and STAGE 1
ALCODIS,STAGE 4
ALEMBICLTD,STAGE 4
ALGOQUANT,STAGE 4
ALICON,STAGE 4
ALIVUS,STAGE 2
ALKALI,STAGE 4
ALKEM,STAGE 4
ALKYLAMINE,STAGE 1
ALLCARGO,STAGE 4
ALLDIGI,STAGE 4
ALLETEC,STAGE 4
ALLTIME,STAGE 4 and STAGE 1
ALMONDZ,STAGE 4 and STAGE 1
ALOKINDS,STAGE 4
ALPA,STAGE 4
ALPEXSOLAR,STAGE 1
ALPHA,STAGE 4
ALPHAETF,STAGE 4
ALPHAGEO,STAGE 4
ALPL30IETF,STAGE 4
ALPSINDUS,STAGE 4 and STAGE 1
ALUWIND,STAGE 3
AMAGI,STAGE 1
AMANTA,STAGE 4 and STAGE 1
AMBANIORGO,STAGE 2
AMBER,STAGE 1
AMBEY,STAGE 4
AMBICAAGAR,STAGE 4
AMBIKCO,STAGE 2
AMBUJACEM,STAGE 4
AMCL,STAGE 2
AMDIND,STAGE 4
AMEYA,STAGE 2
AMIABLE,STAGE 4 and STAGE 1
AMJLAND,STAGE 4
AMJUMBO,STAGE 2
AMNPLST,STAGE 1
AMRUTANJAN,STAGE 4
ANANDRATHI,STAGE 1
ANANTAM,STAGE 1
ANANTRAJ,STAGE 4
ANDHRAPAP,STAGE 4
ANDHRSUGAR,STAGE 1
ANGELONE,STAGE 1
ANIKINDS,STAGE 4
ANKITMETAL,STAGE 4
ANLON,STAGE 2
ANMOL,STAGE 4
ANNAPURNA,STAGE 3
ANONDITA,STAGE 4 and STAGE 1
ANSALAPI,STAGE 1
ANTELOPUS,STAGE 2
ANTGRAPHIC,STAGE 4
ANTHEM,STAGE 2
ANUHPHR,STAGE 4 and STAGE 1
ANUP,STAGE 1
ANURAS,STAGE 2
ANYA,STAGE 4
ANZEN,STAGE 2
AONEGOLD,STAGE 2
AONELIQUID,STAGE 2
AONENIFTY,STAGE 4
AONETMMQ50,STAGE 4
AONETOTAL,STAGE 4
APARINDS,STAGE 2
APCL,STAGE 4
APCOTEXIND,STAGE 2
APEX,STAGE 2
APEXECO,STAGE 1
APLAPOLLO,STAGE 3
APLLTD,STAGE 4
APOLLO,STAGE 4 and STAGE 1
APOLLOHOSP,STAGE 1
APOLLOPIPE,STAGE 2
APOLLOTYRE,STAGE 3
APOLSINHOT,STAGE 4
APRAMEYA,STAGE 3
APS,STAGE 4
APTECHT,STAGE 4 and STAGE 1
APTUS,STAGE 4
ARABIAN,STAGE 3
ARCHIDPLY,STAGE 4
ARCHIES,STAGE 4
ARCIIL,STAGE 4
ARE&M,STAGE 4
ARENTERP,STAGE 4
ARFIN,STAGE 4 and STAGE 1
ARHAM,STAGE 4 and STAGE 1
ARIES,STAGE 4
ARIHANTACA,STAGE 3
ARIHANTCAP,STAGE 4
ARIHANTSUP,STAGE 4
ARISINFRA,STAGE 3
ARISTO,STAGE 4
ARKADE,STAGE 4
ARMANFIN,STAGE 1
ARMOUR,STAGE 4
AROGRANITE,STAGE 4
ARROWGREEN,STAGE 1
ARSHIYA,STAGE 4
ARSSBL,STAGE 4
ARTEMISMED,STAGE 1
ARTNIRMAN,STAGE 4
ARUNAYA,STAGE 1
ARVEE,STAGE 4
ARVIND,STAGE 2
ARVINDFASN,STAGE 4 and STAGE 1
ARVINDPORT,STAGE 1
ARVSMART,STAGE 4
ASAHIINDIA,STAGE 4
ASAHISONG,STAGE 4
ASAL,STAGE 4 and STAGE 1
ASALCBR,STAGE 4
ASCOM,STAGE 2
ASHALOG,STAGE 4
ASHAPURMIN,STAGE 4
ASHIANA,STAGE 2
ASHIMASYN,STAGE 1
ASHOKA,STAGE 4
ASHOKAMET,STAGE 4 and STAGE 1
ASHOKLEY,STAGE 4
ASHWINI,STAGE 1
ASIANENE,STAGE 4 and STAGE 1
ASIANHOTNR,STAGE 4
ASIANPAINT,STAGE 1
ASIANTILES,STAGE 4
ASKAUTOLTD,STAGE 1
ASLIND,STAGE 4
ASMS,STAGE 4
ASPINWALL,STAGE 1
ASPIRE,STAGE 4
ASTEC,STAGE 4 and STAGE 1
ASTERDM,STAGE 2
ASTRAL,STAGE 4
ASTRAMICRO,STAGE 4 and STAGE 1
ASTRAZEN,STAGE 4
ASTRON,STAGE 4
ATALREAL,STAGE 2
ATAM,STAGE 4
ATCENERGY,STAGE 4
ATGL,STAGE 4
ATHERENERG,STAGE 2
ATL,STAGE 4
ATLANTAA,STAGE 4
ATLANTAELE,STAGE 2
ATLASCYCLE,STAGE 4 and STAGE 1
ATLPP,STAGE 4
ATMASTCO,STAGE 1
ATUL,STAGE 2
ATULAUTO,STAGE 4
AUBANK,STAGE 4 and STAGE 1
AURIGROW,STAGE 4
AURIONPRO,STAGE 4
AUROIMPEX,STAGE 4
AUROPHARMA,STAGE 2
AURUM,STAGE 4 and STAGE 1
AUSL,STAGE 4
AUSOMENT,STAGE 4 and STAGE 1
AUTOAXLES,STAGE 4
AUTOBEES,STAGE 4
AUTOIETF,STAGE 4
AUTOIND,STAGE 1
AVADHSUGAR,STAGE 2
AVALON,STAGE 1
AVANA,STAGE 2
AVANTEL,STAGE 4
AVANTIFEED,STAGE 2
AVG,STAGE 4
AVIANSH,STAGE 3
AVL,STAGE 2
AVONMORE,STAGE 4
AVPINFRA,STAGE 4
AVROIND,STAGE 3
AVSL,STAGE 3
AVTNPL,STAGE 4
AWFIS,STAGE 4
AWHCL,STAGE 4
AWL,STAGE 4
AXISBANK,STAGE 4
AXISBNKETF,STAGE 4
AXISBPSETF,STAGE 1
AXISCADES,STAGE 2
AXISCETF,STAGE 4
AXISGOLD,STAGE 2
AXISHCETF,STAGE 1
AXISILVER,STAGE 2
AXISNIFTY,STAGE 4
AXISTECETF,STAGE 3
AXISVALUE,STAGE 4
AXITA,STAGE 3
AXSENSEX,STAGE 4
AYMSYNTEX,STAGE 2
AZAD,STAGE 1
BABAFP,STAGE 4
BAFNAPH,STAGE 4
BAGDIGITAL,STAGE 4
BAGFILMS,STAGE 4
BAHETI,STAGE 4 and STAGE 1
BAIDFIN,STAGE 4
BAJAJ-AUTO,STAGE 2
BAJAJCON,STAGE 2
BAJAJELEC,STAGE 4
BAJAJFINSV,STAGE 4
BAJAJHCARE,STAGE 3
BAJAJHFL,STAGE 4
BAJAJHIND,STAGE 1
BAJAJHLDNG,STAGE 4
BAJAJINDEF,STAGE 4
BAJEL,STAGE 4 and STAGE 1
BAJFINANCE,STAGE 4
BALAJEE,STAGE 4
BALAJIPHOS,STAGE 3
BALAJITELE,STAGE 4
BALAMINES,STAGE 1
BALAXI,STAGE 4
BALCO,STAGE 4
BALKRISHNA,STAGE 4
BALKRISIND,STAGE 3
BALMLAWRIE,STAGE 4 and STAGE 1
BALPHARMA,STAGE 4 and STAGE 1
BALRAMCHIN,STAGE 1
BALUFORGE,STAGE 4 and STAGE 1
BANARBEADS,STAGE 4
BANARISUG,STAGE 1
BANCOINDIA,STAGE 4 and STAGE 1
BANDHANBNK,STAGE 4 and STAGE 1
BANG,STAGE 4
BANKA,STAGE 1
BANKADD,STAGE 4
BANKBARODA,STAGE 4
BANKBEES,STAGE 4
BANKBETA,STAGE 4
BANKBETF,STAGE 4
BANKETF,STAGE 4
BANKIETF,STAGE 4
BANKINDIA,STAGE 4
BANKNIFTY1,STAGE 4
BANKPSU,STAGE 4
BANSALWIRE,STAGE 4
BANSWRAS,STAGE 4 and STAGE 1
BARFLEX,STAGE 3
BASF,STAGE 1
BASILIC,STAGE 4
BASML,STAGE 4
BATAINDIA,STAGE 4
BAWEJA,STAGE 4
BAYERCROP,STAGE 3
BBETF0432,STAGE 4
BBL,STAGE 4 and STAGE 1
BBNPNBETF,STAGE 4
BBNPPGOLD,STAGE 2
BBOX,STAGE 2
BBTC,STAGE 4
BBTCL,STAGE 4
BCG,STAGE 4
BCLIND,STAGE 4 and STAGE 1
BCONCEPTS,STAGE 4
BDL,STAGE 4
BEACON,STAGE 4 and STAGE 1
BEARDSELL,STAGE 4
BECTORFOOD,STAGE 4
BEDMUTHA,STAGE 4
BEL,STAGE 4
BELLACASA,STAGE 4
BELRISE,STAGE 2
BEML,STAGE 4
BEPL,STAGE 1
BERGEPAINT,STAGE 1
BESTAGRO,STAGE 4
BETA,STAGE 1
BEWLTD,STAGE 4
BFINVEST,STAGE 4 and STAGE 1
BFSI,STAGE 4
BFUTILITIE,STAGE 4
BGLOBAL,STAGE 4
BGRENERGY,STAGE 3
BHADORA,STAGE 4
BHAGCHEM,STAGE 4 and STAGE 1
BHAGERIA,STAGE 4
BHAGYANGR,STAGE 2
BHANDARI,STAGE 4
BHARATCOAL,STAGE 1
BHARATFORG,STAGE 2
BHARATGEAR,STAGE 4 and STAGE 1
BHARATRAS,STAGE 4
BHARATSE,STAGE 4
BHARATWIRE,STAGE 4 and STAGE 1
BHARTIARTL,STAGE 4
BHARTIHEXA,STAGE 4
BHEL,STAGE 2
BIGBLOC,STAGE 1
BIKAJI,STAGE 1
BIKEWO,STAGE 4 and STAGE 1
BIL,STAGE 4 and STAGE 1
BILVYAPAR,STAGE 4
BIOCON,STAGE 1
BIOFILCHEM,STAGE 4 and STAGE 1
BIRDYS,STAGE 4 and STAGE 1
BIRET,STAGE 3
BIRLACABLE,STAGE 4 and STAGE 1
BIRLACORPN,STAGE 1
BIRLAMONEY,STAGE 4 and STAGE 1
BIRLANU,STAGE 4
BLACKBUCK,STAGE 3
BLAL,STAGE 4
BLBLIMITED,STAGE 4 and STAGE 1
BLISSGVS,STAGE 2
BLKASHYAP,STAGE 4 and STAGE 1
BLS,STAGE 4 and STAGE 1
BLSE,STAGE 1
BLUECHIP,STAGE 4
BLUECOAST,STAGE 1
BLUEDART,STAGE 4
BLUEJET,STAGE 4
BLUEPEBBLE,STAGE 3
BLUESTARCO,STAGE 4
BLUESTONE,STAGE 4
BLUEWATER,STAGE 2
BLUSPRING,STAGE 1
BMETRICS,STAGE 4
BMWVENTLTD,STAGE 4 and STAGE 1
BODALCHEM,STAGE 1
BOHRAIND,STAGE 1
BOMDYEING,STAGE 1
BORANA,STAGE 4
BOROLTD,STAGE 4
BORORENEW,STAGE 4
BOROSCI,STAGE 1
BOSCH-HCIL,STAGE 4
BOSCHLTD,STAGE 4
BOSS,STAGE 3
BPCL,STAGE 4
BPL,STAGE 4
BRACEPORT,STAGE 4
BRIGADE,STAGE 4
BRIGHOTEL,STAGE 4
BRITANNIA,STAGE 4
BRNL,STAGE 4
BROOKS,STAGE 4
BSE,STAGE 2
BSE500IETF,STAGE 4
BSHSL,STAGE 4 and STAGE 1
BSL,STAGE 4
BSLGOLDETF,STAGE 2
BSLNIFTY,STAGE 4
BSLSENETFG,STAGE 4
BSOFT,STAGE 3
BTML,STAGE 4
BUILDPRO,STAGE 2
BULKCORP,STAGE 3
BUTTERFLY,STAGE 4
BVCL,STAGE 4 and STAGE 1
BYKE,STAGE 4
C2C,STAGE 1
CADSYS,STAGE 2
CALSOFT,STAGE 1
CALSOFTPP,STAGE 3
CAMLINFINE,STAGE 4
CAMPUS,STAGE 4
CAMS,STAGE 1
CANARYS,STAGE 4
CANBK,STAGE 4
CANFINHOME,STAGE 4
CANHLIFE,STAGE 3
CANTABIL,STAGE 4
CAPACITE,STAGE 4 and STAGE 1
CAPILLARY,STAGE 4
CAPINVIT,STAGE 4
CAPITALSFB,STAGE 4 and STAGE 1
CAPLIPOINT,STAGE 1
CAPTRUST,STAGE 4 and STAGE 1
CARBORUNIV,STAGE 2
CARERATING,STAGE 2
CARRARO,STAGE 4 and STAGE 1
CARTRADE,STAGE 4
CARYSIL,STAGE 4
CASHIETF,STAGE 2
CASTROLIND,STAGE 4
CBAZAAR,STAGE 3
CCCL,STAGE 4
CCHHL,STAGE 4
CCL,STAGE 2
CDSL,STAGE 4
CEATLTD,STAGE 3
CEDAAR,STAGE 4
CEIGALL,STAGE 2
CELEBRITY,STAGE 4
CELLECOR,STAGE 2
CELLO,STAGE 4
CELLPOINT,STAGE 4 and STAGE 1
CEMPRO,STAGE 2
CENTENKA,STAGE 4
CENTEXT,STAGE 4
CENTRALBK,STAGE 4
CENTRUM,STAGE 4
CENTUM,STAGE 4 and STAGE 1
CENTURYPLY,STAGE 4 and STAGE 1
CERA,STAGE 1
CEREBRAINT,STAGE 3
CESC,STAGE 1
CEWATER,STAGE 4
CGCL,STAGE 1
CGPOWER,STAGE 1
CGRAPHICS,STAGE 4
CHALET,STAGE 4
CHAMBLFERT,STAGE 4
CHAMUNDA,STAGE 4
CHANDAN,STAGE 4
CHAVDA,STAGE 4
CHEMBOND,STAGE 1
CHEMBONDCH,STAGE 1
CHEMCON,STAGE 4
CHEMFAB,STAGE 1
CHEMICAL,STAGE 2
CHEMPLASTS,STAGE 4
CHENNPETRO,STAGE 2
CHETANA,STAGE 1
CHEVIOT,STAGE 2
CHOICEGOLD,STAGE 2
CHOICEIN,STAGE 4
CHOLAFIN,STAGE 4
CHOLAHLDNG,STAGE 4
CIEINDIA,STAGE 1
CIFL,STAGE 4
CIGNITITEC,STAGE 4
CINELINE,STAGE 4
CINEVISTA,STAGE 4
CIPLA,STAGE 1
CLASSICEIL,STAGE 4
CLCIND,STAGE 2
CLEAN,STAGE 4
CLEDUCATE,STAGE 3
CLSEL,STAGE 4 and STAGE 1
CLSL,STAGE 4
CMICABLES,STAGE 3
CMNL,STAGE 4
CMRSL,STAGE 1
CMSINFO,STAGE 4
CNL,STAGE 1
COALINDIA,STAGE 2
COASTCORP,STAGE 4 and STAGE 1
COCHINSHIP,STAGE 4 and STAGE 1
COFFEEDAY,STAGE 4
COFORGE,STAGE 4
COHANCE,STAGE 1
COLPAL,STAGE 4
COMMITTED,STAGE 2
COMMOIETF,STAGE 4 and STAGE 1
COMPINFO,STAGE 4
COMPUSOFT,STAGE 4
COMSYN,STAGE 4 and STAGE 1
CONCOR,STAGE 4 and STAGE 1
CONCORDBIO,STAGE 4
CONFIPET,STAGE 1
CONNPLEX,STAGE 4 and STAGE 1
CONS,STAGE 4
CONSOFINVT,STAGE 4 and STAGE 1
CONSUMBEES,STAGE 4
CONSUMER,STAGE 4
CONSUMIETF,STAGE 4
CONTI,STAGE 3
CONTROLPR,STAGE 4
COOLCAPS,STAGE 3
CORALFINAC,STAGE 4
CORDSCABLE,STAGE 2
COROMANDEL,STAGE 4
CORONA,STAGE 2
COSMOFIRST,STAGE 4
COUNCODOS,STAGE 4
CPCAP,STAGE 4
CPEDU,STAGE 4
CPPLUS,STAGE 2
CPS,STAGE 4
CPSEETF,STAGE 2
CRAFTSMAN,STAGE 1
CRAMC,STAGE 4
CRAYONS,STAGE 4
CREATIVEYE,STAGE 4
CREDITACC,STAGE 4 and STAGE 1
CREST,STAGE 4
CRISIL,STAGE 4
CRIZAC,STAGE 4
CROMPTON,STAGE 1
CROWN,STAGE 4
CSBBANK,STAGE 4
CSLFINANCE,STAGE 3
CSSL,STAGE 3
CTE,STAGE 4
CUB,STAGE 4
CUBEINVIT,STAGE 2
CUBEXTUB,STAGE 4
CUDML,STAGE 1
CUMMINSIND,STAGE 2
CUPID,STAGE 1
CURAA,STAGE 1
CURIS,STAGE 4
CURRENT,STAGE 3
CYBERMEDIA,STAGE 4
CYBERPP,STAGE 4
CYBERTECH,STAGE 4
CYIENT,STAGE 4
CYIENTDLM,STAGE 1
DABUR,STAGE 1
DALBHARAT,STAGE 3
DALMIASUG,STAGE 3
DAMCAPITAL,STAGE 4
DAMODARIND,STAGE 4
DANGEE,STAGE 4
DANISH,STAGE 4 and STAGE 1
DATAMATICS,STAGE 4
DATAPATTNS,STAGE 2
DAVANGERE,STAGE 4
DBCORP,STAGE 4
DBEIL,STAGE 4
DBL,STAGE 4
DBOL,STAGE 2
DBREALTY,STAGE 1
DBSTOCKBRO,STAGE 1
DCAL,STAGE 1
DCBBANK,STAGE 4 and STAGE 1
DCCL,STAGE 4
DCG,STAGE 4 and STAGE 1
DCI,STAGE 1
DCM,STAGE 4
DCMFINSERV,STAGE 4
DCMNVL,STAGE 1
DCMSHRIRAM,STAGE 1
DCMSRIND,STAGE 4
DCW,STAGE 4
DCXINDIA,STAGE 4
DDEVPLSTIK,STAGE 4
DECCANCE,STAGE 4
DECCANTRAN,STAGE 4
DEEDEV,STAGE 2
DEEM,STAGE 4
DEEPAKFERT,STAGE 1
DEEPAKNTR,STAGE 2
DEEPINDS,STAGE 1
DELAPLEX,STAGE 4
DELHIVERY,STAGE 2
DELPHIFX,STAGE 4
DELTACORP,STAGE 4
DELTAMAGNT,STAGE 4
DELTIC,STAGE 4 and STAGE 1
DEN,STAGE 4
DENEERS,STAGE 2
DENORA,STAGE 1
DENTA,STAGE 4
DENTALKART,STAGE 4
DESTINY,STAGE 3
DEVIT,STAGE 4
DEVX,STAGE 4 and STAGE 1
DEVYANI,STAGE 4 and STAGE 1
DGCONTENT,STAGE 4 and STAGE 1
DHAMPURSUG,STAGE 2
DHANBANK,STAGE 4 and STAGE 1
DHANLAXMI,STAGE 4
DHANUKA,STAGE 4
DHARAN,STAGE 4
DHARARAIL,STAGE 4
DHARIWAL,STAGE 3
DHARMAJ,STAGE 4
DHRUV,STAGE 4
DHTL,STAGE 1
DHUNINV,STAGE 4
DIACABS,STAGE 2
DIAMINESQ,STAGE 4
DIAMONDYD,STAGE 3
DICIND,STAGE 4
DIFFNKG,STAGE 1
DIGIDRIVE,STAGE 4
DIGIKORE,STAGE 3
DIGISPICE,STAGE 4
DIGITIDE,STAGE 4
DIGJAMLMTD,STAGE 4
DIL,STAGE 3
DISHTV,STAGE 4
DIVGIITTS,STAGE 1
DIVIDEND,STAGE 4 and STAGE 1
DIVINEHIRA,STAGE 2
DIVISLAB,STAGE 4
DIVOPPBEES,STAGE 4
DIVYADHAN,STAGE 4
DIXON,STAGE 4
DJML,STAGE 1
DKEGL,STAGE 4 and STAGE 1
DLF,STAGE 4
DLINKINDIA,STAGE 2
DMART,STAGE 1
DMCC,STAGE 1
DNAMEDIA,STAGE 4
DODLA,STAGE 4
DOLATALGO,STAGE 4
DOLLAR,STAGE 4
DOLLEX,STAGE 4
DOLPHIN,STAGE 4
DOMS,STAGE 3
DONEAR,STAGE 4
DPABHUSHAN,STAGE 3
DPEL,STAGE 2
DPSCLTD,STAGE 4 and STAGE 1
DPWIRES,STAGE 4
DRCSYSTEMS,STAGE 4
DREAMFOLKS,STAGE 4
DREDGECORP,STAGE 4
DRL,STAGE 3
DRONE,STAGE 4
DRREDDY,STAGE 4 and STAGE 1
DRSCARGO,STAGE 3
DRSDILIP,STAGE 2
DSSL,STAGE 2
DTIL,STAGE 4
DTL,STAGE 1
DUCOL,STAGE 4
DUCON,STAGE 4
DUGLOBAL,STAGE 4
DURLAX,STAGE 1
DVL,STAGE 4
DWARKESH,STAGE 1
DYCL,STAGE 4
DYNAMATECH,STAGE 2
DYNAMIC,STAGE 4 and STAGE 1
DYNPRO,STAGE 4
E2E,STAGE 2
E2ERAIL,STAGE 4 and STAGE 1
EASEMYTRIP,STAGE 4
EASTSILK,STAGE 3
EBANKNIFTY,STAGE 4
EBBETF0430,STAGE 1
EBBETF0431,STAGE 4
EBBETF0433,STAGE 3
EBGNG,STAGE 2
ECAPINSURE,STAGE 4
ECLERX,STAGE 4
ECOLINE,STAGE 4 and STAGE 1
ECOSMOBLTY,STAGE 4
EDELWEISS,STAGE 4
EDUCOMP,STAGE 4
EEPL,STAGE 4
EFACTOR,STAGE 4
EFCIL,STAGE 3
EFFWA,STAGE 2
EFORCE,STAGE 4
EGOLD,STAGE 2
EICHERMOT,STAGE 4
EIDPARRY,STAGE 4
EIEL,STAGE 4
EIFFL,STAGE 4
EIHAHOTELS,STAGE 4
EIHOTEL,STAGE 4
EIMCOELECO,STAGE 4
EKC,STAGE 4 and STAGE 1
ELDEHSG,STAGE 4
ELECON,STAGE 4
ELECTCAST,STAGE 1
ELECTHERM,STAGE 4
ELGIEQUIP,STAGE 2
ELGIRUBCO,STAGE 4
ELGNZ,STAGE 4
ELIN,STAGE 4
ELIQUID,STAGE 2
ELLEN,STAGE 4
ELM250,STAGE 4
EMAMILTD,STAGE 4
EMAMIPAP,STAGE 4
EMAMIREAL,STAGE 4
EMAPARTNER,STAGE 4 and STAGE 1
EMBASSY,STAGE 3
EMBDL,STAGE 1
EMCURE,STAGE 2
EMIL,STAGE 1
EMKAY,STAGE 4
EMKAYTOOLS,STAGE 4 and STAGE 1
EMMBI,STAGE 4
EMMIL,STAGE 4
EMMVEE,STAGE 1
EMSLIMITED,STAGE 4
EMUDHRA,STAGE 4
EMULTIMQ,STAGE 4
ENCOMPAS,STAGE 3
ENDURANCE,STAGE 4
ENERGY,STAGE 2
ENERGYDEV,STAGE 4
ENFUSE,STAGE 4 and STAGE 1
ENGINERSIN,STAGE 2
ENIFTY,STAGE 4
ENIL,STAGE 4
ENRIN,STAGE 1
ENSER,STAGE 4
ENTERO,STAGE 1
ENVIRO,STAGE 1
EPACK,STAGE 4
EPACKPEB,STAGE 4
EPIGRAL,STAGE 4
EPL,STAGE 4
EPWINDIA,STAGE 2
EQUAL200,STAGE 4
EQUAL50,STAGE 4
EQUAL50ADD,STAGE 4
EQUIPPP,STAGE 4
EQUITASBNK,STAGE 4 and STAGE 1
ERIS,STAGE 4
ESABINDIA,STAGE 2
ESAFSFB,STAGE 1
ESCONET,STAGE 4
ESCORTS,STAGE 4
ESENSEX,STAGE 4
ESFL,STAGE 4
ESG,STAGE 4
ESILVER,STAGE 2
ESPRIT,STAGE 1
ESSARSHPNG,STAGE 4
ESSENTIA,STAGE 1
ESTER,STAGE 1
ETERNAL,STAGE 4
ETHOSLTD,STAGE 4
ETL,STAGE 2
ETML,STAGE 4
EUREKAFORB,STAGE 4
EUROBOND,STAGE 4
EUROPRATIK,STAGE 4 and STAGE 1
EUROTEXIND,STAGE 4
EVEREADY,STAGE 4 and STAGE 1
EVERESTIND,STAGE 4
EVIETF,STAGE 4
EVINDIA,STAGE 4
EXCEL,STAGE 3
EXCELINDUS,STAGE 2
EXCELLENT,STAGE 2
EXCELSOFT,STAGE 4 and STAGE 1
EXICOM,STAGE 4
EXIDEIND,STAGE 4 and STAGE 1
EXIMROUTES,STAGE 3
EXPLEOSOL,STAGE 1
EXXARO,STAGE 4
FABTECH,STAGE 4
FACT,STAGE 4
FAIRCHEMOR,STAGE 1
FALCONTECH,STAGE 4
FAZE3Q,STAGE 4
FCL,STAGE 1
FCONSUMER,STAGE 1
FCSSOFT,STAGE 4
FDC,STAGE 4
FEDERALBNK,STAGE 4
FEDFINA,STAGE 4
FEL,STAGE 4
FELDVR,STAGE 4
FELIX,STAGE 4 and STAGE 1
FIBERWEB,STAGE 4
FICRF3GP,STAGE 3
FIDEL,STAGE 4 and STAGE 1
FIEMIND,STAGE 4
FILATEX,STAGE 4
FILATFASH,STAGE 4
FINBUD,STAGE 4
FINCABLES,STAGE 2
FINEORG,STAGE 4 and STAGE 1
FINIETF,STAGE 4
FINKURVE,STAGE 4
FINOPB,STAGE 4
FINPIPE,STAGE 4
FIRSTCRY,STAGE 4
FISCHER,STAGE 3
FIVESTAR,STAGE 4
FLAIR,STAGE 4
FLEXIADD,STAGE 4
FLEXITUFF,STAGE 4
FLFL,STAGE 4
FLUOROCHEM,STAGE 2
FLYSBS,STAGE 4
FMCGIETF,STAGE 4
FMGOETZE,STAGE 4
FMNL,STAGE 1
FOCE,STAGE 4
FOCUS,STAGE 1
FONEBOX,STAGE 4
FOODSIN,STAGE 4
FORCAS,STAGE 1
FORCEMOT,STAGE 2
FORGEAUTO,STAGE 1
FORTIS,STAGE 4
FOSECOIND,STAGE 4
FRESHARA,STAGE 4 and STAGE 1
FROG,STAGE 1
FSL,STAGE 4
FUSION,STAGE 2
FWSTC,STAGE 3
GABRIEL,STAGE 2
GAEL,STAGE 2
GAIL,STAGE 4
GAJANAND,STAGE 4
GALAPREC,STAGE 1
GALAXYSURF,STAGE 4
GALLANTT,STAGE 2
GANDHAR,STAGE 4
GANDHITUBE,STAGE 4
GANECOS,STAGE 1
GANESHBE,STAGE 1
GANESHCP,STAGE 4
GANESHHOU,STAGE 4
GANESHIN,STAGE 4
GANGABATH,STAGE 4
GANGAFORGE,STAGE 3
GANGESSECU,STAGE 4
GARFIBRES,STAGE 3
GARUDA,STAGE 4
GATECH,STAGE 1
GATECHDVR,STAGE 1
GATEWAY,STAGE 4
GAYAHWS,STAGE 4
GAYAPROJ,STAGE 2
GCHOTELS,STAGE 4
GCSL,STAGE 2
GEECEE,STAGE 4
GEEKAYWIRE,STAGE 4
GEMAROMA,STAGE 4
GENCON,STAGE 3
GENESYS,STAGE 3
GENSOL,STAGE 4
GENUSPAPER,STAGE 4 and STAGE 1
GENUSPOWER,STAGE 4
GEOJITFSL,STAGE 1
GESHIP,STAGE 2
GFLLIMITED,STAGE 4
GFSTEELS,STAGE 2
GGBL,STAGE 4 and STAGE 1
GHCL,STAGE 4
GHCLTEXTIL,STAGE 4 and STAGE 1
GICHSGFIN,STAGE 4
GICL,STAGE 1
GICRE,STAGE 4 and STAGE 1
GILLANDERS,STAGE 4
GILLETTE,STAGE 4
GILT10BETA,STAGE 1
GILT5BETA,STAGE 2
GILT5YBEES,STAGE 1
GINNIFILA,STAGE 4 and STAGE 1
GIPCL,STAGE 4
GIRIRAJ,STAGE 4 and STAGE 1
GKENERGY,STAGE 4 and STAGE 1
GKSL,STAGE 2
GKWLIMITED,STAGE 1
GLAND,STAGE 1
GLAXO,STAGE 4
GLENMARK,STAGE 2
GLFL,STAGE 4 and STAGE 1
GLOBAL,STAGE 4 and STAGE 1
GLOBALE,STAGE 4 and STAGE 1
GLOBALPET,STAGE 1
GLOBALVECT,STAGE 4
GLOBE,STAGE 4
GLOBECIVIL,STAGE 4
GLOBUSSPR,STAGE 4
GLOSTERLTD,STAGE 1
GLOTTIS,STAGE 4
GMBREW,STAGE 3
GMDCLTD,STAGE 1
GML,STAGE 4
GMMPFAUDLR,STAGE 4
GMRAIRPORT,STAGE 4
GMRP&UI,STAGE 1
GNA,STAGE 2
GNFC,STAGE 1
GOACARBON,STAGE 2
GOCLCORP,STAGE 4
GOCOLORS,STAGE 4
GODAVARIB,STAGE 3
GODFRYPHLP,STAGE 1
GODIGIT,STAGE 3
GODREJAGRO,STAGE 4
GODREJCP,STAGE 4
GODREJIND,STAGE 1
GODREJPROP,STAGE 4 and STAGE 1
GOKEX,STAGE 4
GOKUL,STAGE 4 and STAGE 1
GOKULAGRO,STAGE 2
GOLD1,STAGE 2
GOLD360,STAGE 2
GOLDADD,STAGE 1
GOLDBEES,STAGE 2
GOLDBETA,STAGE 1
GOLDBND,STAGE 1
GOLDCASE,STAGE 2
GOLDENTOBC,STAGE 4
GOLDETF,STAGE 2
GOLDIAM,STAGE 4 and STAGE 1
GOLDIETF,STAGE 2
GOLDKART,STAGE 3
GOLDSTAR,STAGE 4 and STAGE 1
GOLDTECH,STAGE 4
GOODLUCK,STAGE 2
GOPAL,STAGE 1
GOYALALUM,STAGE 4 and STAGE 1
GOYALSALT,STAGE 4
GPECO,STAGE 4 and STAGE 1
GPIL,STAGE 1
GPPL,STAGE 4
GPTHEALTH,STAGE 1
GPTINFRA,STAGE 4
GRANULES,STAGE 2
GRAPHISAD,STAGE 1
GRAPHITE,STAGE 2
GRASIM,STAGE 2
GRAVITA,STAGE 4
GRCL,STAGE 2
GREAVESCOT,STAGE 4
GREENCHEF,STAGE 1
GREENLAM,STAGE 1
GREENLEAF,STAGE 4
GREENPANEL,STAGE 4
GREENPLY,STAGE 4
GREENPOWER,STAGE 4
GRETEX,STAGE 3
GRINDWELL,STAGE 1
GRINFRA,STAGE 4
GRMOVER,STAGE 4 and STAGE 1
GROBTEA,STAGE 4
GROWW,STAGE 4 and STAGE 1
GROWWCAPM,STAGE 2
GROWWCHEM,STAGE 2
GROWWDEFNC,STAGE 4 and STAGE 1
GROWWEV,STAGE 4
GROWWGOLD,STAGE 4
GROWWLIQID,STAGE 2
GROWWLOVOL,STAGE 4
GROWWMC150,STAGE 4 and STAGE 1
GROWWMETAL,STAGE 2
GROWWMOM50,STAGE 4
GROWWN200,STAGE 4
GROWWNET,STAGE 4
GROWWNIFTY,STAGE 4
GROWWNXT50,STAGE 4 and STAGE 1
GROWWPOWER,STAGE 1
GROWWRAIL,STAGE 4 and STAGE 1
GROWWRLTY,STAGE 4
GROWWSC250,STAGE 4
GROWWSLVR,STAGE 1
GRPLTD,STAGE 3
GRSE,STAGE 4 and STAGE 1
GRWRHITECH,STAGE 2
GSEC10ABSL,STAGE 3
GSEC10IETF,STAGE 1
GSEC10YEAR,STAGE 1
GSEC5IETF,STAGE 1
GSFC,STAGE 4
GSLSU,STAGE 4
GSMFOILS,STAGE 4
GSPL,STAGE 4
GSS,STAGE 4
GSTL,STAGE 3
GTECJAINX,STAGE 3
GTL,STAGE 4
GTLINFRA,STAGE 2
GTPL,STAGE 4
GUFICBIO,STAGE 3
GUJALKALI,STAGE 2
GUJAPOLLO,STAGE 3
GUJGASLTD,STAGE 4
GUJRAFFIA,STAGE 4
GUJTHEM,STAGE 4
GULFOILLUB,STAGE 4
GULFPETRO,STAGE 4
GULPOLY,STAGE 2
GURUNANAK,STAGE 4 and STAGE 1
GVKPIL,STAGE 4 and STAGE 1
GVPIL,STAGE 2
GVPTECH,STAGE 4
GVPTECHPP,STAGE 4
GVT&D,STAGE 2
HAL,STAGE 4
HALDER,STAGE 3
HALEOSLABS,STAGE 2
HAPPSTMNDS,STAGE 4
HAPPYFORGE,STAGE 2
HARDWYN,STAGE 2
HARIOMPIPE,STAGE 4
HARRMALAYA,STAGE 1
HARSHA,STAGE 4
HATHWAY,STAGE 4
HATSUN,STAGE 1
HAVELLS,STAGE 3
HAVISHA,STAGE 4
HBLENGINE,STAGE 4
HBSL,STAGE 4
HCC,STAGE 4 and STAGE 1
HCG,STAGE 1
HCL-INSYS,STAGE 4
HCLTECH,STAGE 3
HDBFS,STAGE 4
HDFCAMC,STAGE 4 and STAGE 1
HDFCBANK,STAGE 4
HDFCBSE500,STAGE 4
HDFCGOLD,STAGE 2
HDFCGROWTH,STAGE 4
HDFCLIFE,STAGE 4
HDFCLIQUID,STAGE 2
HDFCLOWVOL,STAGE 4
HDFCMID150,STAGE 4
HDFCMOMENT,STAGE 4
HDFCNEXT50,STAGE 4 and STAGE 1
HDFCNIF100,STAGE 4
HDFCNIFBAN,STAGE 4
HDFCNIFIT,STAGE 3
HDFCNIFTY,STAGE 4
HDFCPSUBK,STAGE 4
HDFCPVTBAN,STAGE 4
HDFCQUAL,STAGE 4
HDFCSENSEX,STAGE 4
HDFCSILVER,STAGE 2
HDFCSML250,STAGE 4 and STAGE 1
HDFCVALUE,STAGE 4
HDIL,STAGE 4
HEADSUP,STAGE 4
HEALTHADD,STAGE 1
HEALTHIETF,STAGE 1
HEALTHY,STAGE 4
HECPROJECT,STAGE 4
HEG,STAGE 4 and STAGE 1
HEIDELBERG,STAGE 4
HEMIPROP,STAGE 1
HERANBA,STAGE 4
HERCULES,STAGE 3
HERITGFOOD,STAGE 4
HEROMOTOCO,STAGE 3
HESTERBIO,STAGE 2
HEUBACHIND,STAGE 3
HEXATRADEX,STAGE 4
HEXT,STAGE 4
HFCL,STAGE 2
HGINFRA,STAGE 4
HGM,STAGE 1
HGS,STAGE 4
HIGREEN,STAGE 2
HIKAL,STAGE 1
HILINFRA,STAGE 4
HILTON,STAGE 4
HILTON-RE1,STAGE 1
HIMATSEIDE,STAGE 4
HINDALCO,STAGE 2
HINDCOMPOS,STAGE 4 and STAGE 1
HINDCON,STAGE 4
HINDCOPPER,STAGE 4
HINDOILEXP,STAGE 1
HINDPETRO,STAGE 4
HINDUNILVR,STAGE 4
HINDWAREAP,STAGE 4
HINDZINC,STAGE 1
HIRECT,STAGE 4
HISARMETAL,STAGE 4
HITECH,STAGE 1
HITECHCORP,STAGE 4
HITECHGEAR,STAGE 4
HLEGLAS,STAGE 4
HLVLTD,STAGE 4
HMAAGRO,STAGE 4
HMT,STAGE 3
HMVL,STAGE 4
HNDFDS,STAGE 4
HNGSNGBEES,STAGE 4
HOACFOODS,STAGE 2
HOLMARC,STAGE 1
HOMEFIRST,STAGE 4 and STAGE 1
HOMESFY,STAGE 3
HONASA,STAGE 2
HONAUT,STAGE 4
HONDAPOWER,STAGE 4 and STAGE 1
HPAL,STAGE 4
HPIL,STAGE 4
HPL,STAGE 4 and STAGE 1
HPTL,STAGE 4
HRHNEXT,STAGE 1
HSCL,STAGE 2
HTMEDIA,STAGE 4
HUBTOWN,STAGE 4
HUDCO,STAGE 4
HUHTAMAKI,STAGE 4
HVAX,STAGE 1
HYBRIDFIN,STAGE 4
HYUNDAI,STAGE 3
IBLFL,STAGE 4
IBULLSLTD,STAGE 4
ICDSLTD,STAGE 4
ICEMAKE,STAGE 4
ICICIAMC,STAGE 4 and STAGE 1
ICICIB22,STAGE 4
ICICIBANK,STAGE 4
ICICIGI,STAGE 4
ICICIPRULI,STAGE 3
ICIL,STAGE 4
ICRA,STAGE 4
IDBI,STAGE 4
IDEA,STAGE 1
IDEAFORGE,STAGE 2
IDEALTECHO,STAGE 4
IDENTICAL,STAGE 4 and STAGE 1
IDFCFIRSTB,STAGE 4
IDFNIFTYET,STAGE 4
IEML,STAGE 4 and STAGE 1
IEX,STAGE 4
IF3GPD,STAGE 2
IFBAGRO,STAGE 1
IFBIND,STAGE 4
IFCI,STAGE 4
IFGLEXPOR,STAGE 4
IGARASHI,STAGE 4
IGCL,STAGE 4
IGIL,STAGE 1
IGL,STAGE 4
IGPL,STAGE 2
IIFL,STAGE 4
IIFLCAPS,STAGE 1
IITL,STAGE 1
IKIO,STAGE 4
IKS,STAGE 4
IL&FSENGG,STAGE 4
IL&FSTRANS,STAGE 4
IMAGICAA,STAGE 4
IMFA,STAGE 1
IMPAL,STAGE 4
IMPEXFERRO,STAGE 4
INCREDIBLE,STAGE 4
INDBANK,STAGE 4
INDGN,STAGE 2
INDHOTEL,STAGE 4
INDIACEM,STAGE 4
INDIAGLYCO,STAGE 1
INDIAMART,STAGE 3
INDIANB,STAGE 2
INDIANCARD,STAGE 4
INDIANHUME,STAGE 4
INDIASHLTR,STAGE 1
INDIFRA,STAGE 4
INDIGO,STAGE 4
INDIGOPNTS,STAGE 1
INDIGRID,STAGE 1
INDIQUBE,STAGE 4
INDNIPPON,STAGE 4
INDOAMIN,STAGE 1
INDOBORAX,STAGE 4 and STAGE 1
INDOCO,STAGE 4
INDOFARM,STAGE 4
INDORAMA,STAGE 4
INDOSTAR,STAGE 4
INDOTECH,STAGE 4 and STAGE 1
INDOTHAI,STAGE 3
INDOUS,STAGE 4
INDOWIND,STAGE 4
INDRAMEDCO,STAGE 3
INDSWFTLAB,STAGE 2
INDTERRAIN,STAGE 4
INDUSINDBK,STAGE 4
INDUSINVIT,STAGE 1
INDUSTOWER,STAGE 4
INFIBEAM,STAGE 4
INFINIUM,STAGE 4
INFLUX,STAGE 2
INFOBEAN,STAGE 4
INFOLLION,STAGE 3
INFOMEDIA,STAGE 4
INFRABEES,STAGE 4
INFRAIETF,STAGE 4
INFY,STAGE 3
INGERRAND,STAGE 2
INM,STAGE 4
INNOMET,STAGE 1
INNOVACAP,STAGE 2
INNOVANA,STAGE 4 and STAGE 1
INOXGREEN,STAGE 4
INOXINDIA,STAGE 1
INOXWIND,STAGE 4
INSECTICID,STAGE 4 and STAGE 1
INSPIRE,STAGE 4 and STAGE 1
INSPIRISYS,STAGE 1
INTEGRITY,STAGE 2
INTELLECT,STAGE 4
INTENTECH,STAGE 4
INTERARCH,STAGE 4
INTERNET,STAGE 4
INTLCONV,STAGE 4
INVENTURE,STAGE 4
INVICTA,STAGE 4 and STAGE 1
IOB,STAGE 4
IOC,STAGE 4
IOLCP,STAGE 2
IONEXCHANG,STAGE 4 and STAGE 1
IPCALAB,STAGE 2
IPHL,STAGE 3
IPL,STAGE 1
IPSL,STAGE 3
IRB,STAGE 3
IRBINVIT,STAGE 3
IRCON,STAGE 4
IRCTC,STAGE 4
IREDA,STAGE 4
IRFC,STAGE 4
IRIS,STAGE 4
IRISDOREME,STAGE 4 and STAGE 1
IRMENERGY,STAGE 4 and STAGE 1
ISFT,STAGE 4
ISGEC,STAGE 2
ISHAN,STAGE 4
ISHANCH,STAGE 4
IT,STAGE 3
ITADD,STAGE 3
ITALIANE,STAGE 4 and STAGE 1
ITBEES,STAGE 3
ITBETA,STAGE 3
ITC,STAGE 4
ITCHOTELS,STAGE 4
ITDC,STAGE 4
ITETF,STAGE 3
ITI,STAGE 4
ITIETF,STAGE 3
ITTL,STAGE 3
IVALUE,STAGE 4
IVC,STAGE 4
IVP,STAGE 1
IVZINGOLD,STAGE 4
IVZINNIFTY,STAGE 4
IWARE,STAGE 2
IXIGO,STAGE 4
IZMO,STAGE 4
J&KBANK,STAGE 2
JAGRAN,STAGE 4
JAGSNPHARM,STAGE 1
JAIBALAJI,STAGE 4 and STAGE 1
JAICORPLTD,STAGE 4
JAINAM,STAGE 1
JAINIK,STAGE 4 and STAGE 1
JAINREC,STAGE 2
JAIPURKURT,STAGE 4
JALAN,STAGE 4
JAMNAAUTO,STAGE 4
JARO,STAGE 1
JASH,STAGE 4 and STAGE 1
JAYAGROGN,STAGE 1
JAYBARMARU,STAGE 4
JAYBEE,STAGE 4
JAYESH,STAGE 4 and STAGE 1
JAYKAY,STAGE 4
JAYNECOIND,STAGE 2
JAYSREETEA,STAGE 4
JBCHEPHARM,STAGE 2
JBMA,STAGE 4 and STAGE 1
JETFREIGHT,STAGE 1
JEYYAM,STAGE 4
JFLLIFE,STAGE 4
JGCHEM,STAGE 4
JHS,STAGE 4
JINDALPHOT,STAGE 4
JINDALPOLY,STAGE 2
JINDALSAW,STAGE 2
JINDALSTEL,STAGE 2
JINDRILL,STAGE 1
JINDWORLD,STAGE 4
JIOFIN,STAGE 4
JISLDVREQS,STAGE 4
JISLJALEQS,STAGE 4
JITFINFRA,STAGE 1
JIWANRAM,STAGE 4
JKCEMENT,STAGE 4
JKIL,STAGE 4
JKIPL,STAGE 4
JKLAKSHMI,STAGE 4
JKPAPER,STAGE 4 and STAGE 1
JKTYRE,STAGE 3
JLHL,STAGE 4
JMA,STAGE 4
JMFINANCIL,STAGE 4
JNKINDIA,STAGE 1
JOCIL,STAGE 4
JPASSOCIAT,STAGE 3
JPOLYINVST,STAGE 3
JPPOWER,STAGE 4
JSFB,STAGE 1
JSL,STAGE 4
JSLL,STAGE 4
JSWCEMENT,STAGE 4
JSWENERGY,STAGE 1
JSWHL,STAGE 4
JSWINFRA,STAGE 4
JSWSTEEL,STAGE 4
JTEKTINDIA,STAGE 4
JTLIND,STAGE 4 and STAGE 1
JUBLCPL,STAGE 4
JUBLFOOD,STAGE 4
JUBLINGREA,STAGE 4 and STAGE 1
JUBLPHARMA,STAGE 1
JUNIORBEES,STAGE 4
JUNIPER,STAGE 3
JUSTDIAL,STAGE 3
JWL,STAGE 4
JYOTHYLAB,STAGE 4 and STAGE 1
JYOTICNC,STAGE 3
JYOTIGLOBL,STAGE 1
JYOTISTRUC,STAGE 4
K2INFRA,STAGE 1
KABRAEXTRU,STAGE 4
KAJARIACER,STAGE 1
KAKATCEM,STAGE 4
KALAMANDIR,STAGE 4
KALANA,STAGE 4
KALPATARU,STAGE 4
KALYANIFRG,STAGE 4
KALYANKJIL,STAGE 3
KAMATHOTEL,STAGE 4
KAMDHENU,STAGE 1
KAMOPAINTS,STAGE 4
KANANIIND,STAGE 4
KANDARP,STAGE 4
KANORICHEM,STAGE 2
KANPRPLA,STAGE 4
KANSAINER,STAGE 1
KAPSTON,STAGE 4
KARMAENG,STAGE 4 and STAGE 1
KARNIKA,STAGE 4 and STAGE 1
KARURVYSYA,STAGE 2
KATARIA,STAGE 4
KAUSHALYA,STAGE 4 and STAGE 1
KAVDEFENCE,STAGE 4
KAYA,STAGE 4
KAYNES,STAGE 3
KAYTEX,STAGE 4
KCEIL,STAGE 4
KCK,STAGE 4
KCP,STAGE 4
KCPSUGIND,STAGE 1
KDDL,STAGE 4
KDL,STAGE 4
KEC,STAGE 4
KECL,STAGE 1
KEEPLEARN,STAGE 4
KEI,STAGE 2
KEL,STAGE 1
KELLTONTEC,STAGE 4
KEN,STAGE 3
KERNEX,STAGE 2
KESORAMIND,STAGE 2
KEYFINSERV,STAGE 4
KFINTECH,STAGE 3
KHADIM,STAGE 1
KHAICHEM,STAGE 4
KHAITANLTD,STAGE 4
KHANDSE,STAGE 4
KHFM,STAGE 4
KICL,STAGE 4
KILITCH,STAGE 4
KIMS,STAGE 2
KINGFA,STAGE 2
KIOCL,STAGE 4 and STAGE 1
KIRIINDUS,STAGE 4
KIRLOSBROS,STAGE 4
KIRLOSENG,STAGE 2
KIRLOSIND,STAGE 4
KIRLPNU,STAGE 4 and STAGE 1
KITEX,STAGE 4
KKCL,STAGE 4
KKJEWELS,STAGE 4
KKVAPOW,STAGE 3
KLL,STAGE 4
KMEW,STAGE 1
KMSUGAR,STAGE 1
KNAGRI,STAGE 4
KNRCON,STAGE 4
KODYTECH,STAGE 4
KOHINOOR,STAGE 4
KOKUYOCMLN,STAGE 4
KOLTEPATIL,STAGE 4 and STAGE 1
KONSTELEC,STAGE 4
KONTOR,STAGE 4
KOPRAN,STAGE 4 and STAGE 1
KORE,STAGE 4
KOTAKBANK,STAGE 1
KOTARISUG,STAGE 4
KOTHARIPET,STAGE 4
KOTHARIPRO,STAGE 4
KOTYARK,STAGE 2
KPEL,STAGE 4
KPIGREEN,STAGE 4 and STAGE 1
KPIL,STAGE 4 and STAGE 1
KPITTECH,STAGE 4
KPRMILL,STAGE 4
KRBL,STAGE 4
KREBSBIO,STAGE 4
KRIDHANINF,STAGE 1
KRISHANA,STAGE 1
KRISHCA,STAGE 4
KRISHIVAL,STAGE 1
KRISHNADEF,STAGE 4
KRISHPP,STAGE 1
KRITI,STAGE 4
KRITIKA,STAGE 4
KRITINUT,STAGE 4 and STAGE 1
KRMAYURVED,STAGE 2
KRN,STAGE 2
KRONOX,STAGE 4
KROSS,STAGE 4
KRSNAA,STAGE 4
KRT,STAGE 4
KRYSTAL,STAGE 4
KSB,STAGE 1
KSCL,STAGE 1
KSHINTL,STAGE 2
KSHITIJPOL,STAGE 2
KSL,STAGE 4 and STAGE 1
KSOLVES,STAGE 4 and STAGE 1
KSR,STAGE 1
KTKBANK,STAGE 2
KUANTUM,STAGE 4
LAGNAM,STAGE 4 and STAGE 1
LAKPRE,STAGE 2
LAKSHYA,STAGE 4 and STAGE 1
LAL,STAGE 4
LALPATHLAB,STAGE 1
LAMBODHARA,STAGE 4
LAMOSAIC,STAGE 4
LANCORHOL,STAGE 4 and STAGE 1
LANDMARK,STAGE 4
LAOPALA,STAGE 4
LASA,STAGE 4
LATENTVIEW,STAGE 4
LATTEYS,STAGE 1
LAURUSLABS,STAGE 1
LAXMICOT,STAGE 4
LAXMIDENTL,STAGE 4
LAXMIINDIA,STAGE 1
LCCINFOTEC,STAGE 1
LEMERITE,STAGE 1
LEMONTREE,STAGE 4
LENSKART,STAGE 3
LEXUS,STAGE 4
LFIC,STAGE 4 and STAGE 1
LGBBROSLTD,STAGE 3
LGEINDIA,STAGE 4
LGHL,STAGE 4
LIBAS,STAGE 4
LIBERTSHOE,STAGE 4
LICHSGFIN,STAGE 1
LICI,STAGE 4
LICMFGOLD,STAGE 4
LICNETFGSC,STAGE 1
LICNETFN50,STAGE 4
LICNETFSEN,STAGE 4
LICNFNHGP,STAGE 4
LICNMID100,STAGE 4
LIKHITHA,STAGE 1
LINC,STAGE 4
LINCOLN,STAGE 4 and STAGE 1
LINDEINDIA,STAGE 1
LIQGRWBEES,STAGE 2
LIQUID,STAGE 1
LIQUID1,STAGE 2
LIQUIDADD,STAGE 2
LIQUIDBEES,STAGE 1
LIQUIDBETF,STAGE 2
LIQUIDCASE,STAGE 2
LIQUIDETF,STAGE 1
LIQUIDIETF,STAGE 1
LIQUIDPLUS,STAGE 2
LIQUIDSBI,STAGE 1
LIQUIDSHRI,STAGE 2
LLOYDPP,STAGE 4
LLOYDS,STAGE 4 and STAGE 1
LLOYDSENGG,STAGE 2
LLOYDSENPP,STAGE 3
LLOYDSENT,STAGE 4
LLOYDSME,STAGE 1
LMW,STAGE 4
LODHA,STAGE 4
LOKESHMACH,STAGE 2
LORDSCHLO,STAGE 4
LOTUSDEV,STAGE 4
LOTUSEYE,STAGE 4 and STAGE 1
LOVABLE,STAGE 4
LOWVOL,STAGE 4
LOWVOL1,STAGE 4
LOWVOLIETF,STAGE 4
LOYALTEX,STAGE 4
LPDC,STAGE 4
LRRPL,STAGE 1
LT,STAGE 4
LTF,STAGE 4
LTFOODS,STAGE 4
LTGILTBEES,STAGE 1
LTGILTCASE,STAGE 1
LTIM,STAGE 3
LTTS,STAGE 4
LUMAXIND,STAGE 4 and STAGE 1
LUMAXTECH,STAGE 4 and STAGE 1
LUPIN,STAGE 2
LUXIND,STAGE 4 and STAGE 1
LXCHEM,STAGE 4
LYKALABS,STAGE 4
LYPSAGEMS,STAGE 4
M&M,STAGE 3
M&MFIN,STAGE 1
MAANALU,STAGE 4
MACOBSTECH,STAGE 4
MACPOWER,STAGE 4 and STAGE 1
MADHAV,STAGE 4
MADHAVBAUG,STAGE 4
MADHUCON,STAGE 1
MADHUSUDAN,STAGE 2
MADRASFERT,STAGE 4
MAFANG,STAGE 2
MAGADSUGAR,STAGE 3
MAGNUM,STAGE 4
MAGSON,STAGE 2
MAHABANK,STAGE 2
MAHAPEXLTD,STAGE 3
MAHASTEEL,STAGE 4 and STAGE 1
MAHEPC,STAGE 4
MAHESHWARI,STAGE 2
MAHICKRA,STAGE 2
MAHKTECH,STAGE 1
MAHLIFE,STAGE 4
MAHLOG,STAGE 4
MAHSCOOTER,STAGE 4
MAHSEAMLES,STAGE 1
MAITHANALL,STAGE 4
MAITREYA,STAGE 3
MAKEINDIA,STAGE 4
MAKS,STAGE 3
MAL,STAGE 4
MALLCOM,STAGE 4
MALUPAPER,STAGE 4
MAMATA,STAGE 4
MANAKALUCO,STAGE 4
MANAKCOAT,STAGE 4
MANAKSIA,STAGE 4
MANAKSTEEL,STAGE 4 and STAGE 1
MANALIPETC,STAGE 4
MANAPPURAM,STAGE 2
MANAV,STAGE 4 and STAGE 1
MANBA,STAGE 4
MANCREDIT,STAGE 4
MANDEEP,STAGE 4
MANGALAM,STAGE 4
MANGLMCEM,STAGE 1
MANINDS,STAGE 2
MANINFRA,STAGE 4
MANKIND,STAGE 1
MANOMAY,STAGE 3
MANORAMA,STAGE 4 and STAGE 1
MANORG,STAGE 1
MANUFGBEES,STAGE 4
MANUGRAPH,STAGE 4
MANYAVAR,STAGE 4
MAPMYINDIA,STAGE 1
MARALOVER,STAGE 1
MARATHON,STAGE 4
MARC,STAGE 2
MARCO,STAGE 1
MARICO,STAGE 2
MARINE,STAGE 4 and STAGE 1
MARINETRAN,STAGE 3
MARKOLINES,STAGE 4
MARKSANS,STAGE 2
MARUTI,STAGE 4
MASFIN,STAGE 4 and STAGE 1
MASKINVEST,STAGE 4
MASON,STAGE 3
MASPTOP50,STAGE 2
MASTEK,STAGE 4
MASTER,STAGE 4 and STAGE 1
MASTERTR,STAGE 1
MATRIMONY,STAGE 4
MAWANASUG,STAGE 2
MAXESTATES,STAGE 4
MAXHEALTH,STAGE 4
MAXIND,STAGE 4
MAXPOSURE,STAGE 4
MAXVOLT,STAGE 1
MAYASHEEL,STAGE 1
MAYURUNIQ,STAGE 2
MAZDA,STAGE 4
MAZDOCK,STAGE 4 and STAGE 1
MBAPL,STAGE 2
MBEL,STAGE 4
MBLINFRA,STAGE 4
MCL,STAGE 4
MCLEODRUSS,STAGE 1
MCLOUD,STAGE 4 and STAGE 1
MCON,STAGE 4
MCX,STAGE 2
MDL,STAGE 4
MEDANTA,STAGE 1
MEDIASSIST,STAGE 1
MEDICAMEQ,STAGE 4
MEDICO,STAGE 1
MEDIORG,STAGE 4 and STAGE 1
MEDISTEP,STAGE 4
MEDPLUS,STAGE 2
MEESHO,STAGE 4 and STAGE 1
MEGAFLEX,STAGE 3
MEGASOFT,STAGE 1
MEGASTAR,STAGE 1
MEGATHERM,STAGE 4 and STAGE 1
MEIL,STAGE 4
MENONBE,STAGE 1
MEP,STAGE 1
METAL,STAGE 2
METALIETF,STAGE 2
METROBRAND,STAGE 4
METROPOLIS,STAGE 1
MFML,STAGE 4
MFSL,STAGE 4
MGEL,STAGE 4
MGL,STAGE 4
MGSL,STAGE 4
MHHL,STAGE 4
MHLXMIRU,STAGE 4
MHRIL,STAGE 4
MICEL,STAGE 4
MICROPRO,STAGE 4
MID150,STAGE 4
MID150BEES,STAGE 4 and STAGE 1
MID150CASE,STAGE 4
MIDCAP,STAGE 4
MIDCAPADD,STAGE 4
MIDCAPBETA,STAGE 4 and STAGE 1
MIDCAPETF,STAGE 4 and STAGE 1
MIDCAPIETF,STAGE 4
MIDHANI,STAGE 2
MIDQ50ADD,STAGE 4
MIDSELIETF,STAGE 4
MIDSMALL,STAGE 4
MIDWESTLTD,STAGE 4
MIEL,STAGE 4
MILTON,STAGE 3
MINDACORP,STAGE 4
MINDSPACE,STAGE 4
MINDTECK,STAGE 4
MIRCELECTR,STAGE 2
MIRZAINT,STAGE 4
MITCON,STAGE 4 and STAGE 1
MITTAL,STAGE 4
MKPL,STAGE 4
MMEL,STAGE 4
MMFL,STAGE 4 and STAGE 1
MMP,STAGE 1
MMTC,STAGE 4 and STAGE 1
MNC,STAGE 4
MOALPHA50,STAGE 4
MOBIKWIK,STAGE 4
MOCAPITAL,STAGE 2
MODEFENCE,STAGE 4 and STAGE 1
MODINATUR,STAGE 2
MODIRUBBER,STAGE 4 and STAGE 1
MODIS,STAGE 4 and STAGE 1
MODISONLTD,STAGE 4 and STAGE 1
MODTHREAD,STAGE 4
MOENERGY,STAGE 4
MOGOLD,STAGE 2
MOGSEC,STAGE 1
MOHEALTH,STAGE 2
MOHITIND,STAGE 4
MOIL,STAGE 4
MOINFRA,STAGE 4 and STAGE 1
MOIPO,STAGE 4
MOKSH,STAGE 4
MOL,STAGE 4
MOLDTECH,STAGE 4
MOLDTKPAC,STAGE 1
MOLOWVOL,STAGE 4
MOM100,STAGE 4
MOM30IETF,STAGE 4
MOM50,STAGE 4
MOMENTUM,STAGE 4
MOMENTUM30,STAGE 4
MOMENTUM50,STAGE 4
MOMGF,STAGE 4
MOMIDMTM,STAGE 4
MOMNC,STAGE 4
MOMOMENTUM,STAGE 4
MON100,STAGE 2
MON50EQUAL,STAGE 4
MONARCH,STAGE 4 and STAGE 1
MONEXT50,STAGE 4
MONEYBOXX,STAGE 1
MONIFTY100,STAGE 4
MONIFTY500,STAGE 4
MONOLITH,STAGE 4
MONOPHARMA,STAGE 1
MONQ50,STAGE 2
MONTECARLO,STAGE 4
MOPSE,STAGE 4
MOQUALITY,STAGE 4 and STAGE 1
MORARJEE,STAGE 1
MOREALTY,STAGE 4
MOREPENLAB,STAGE 4
MOS,STAGE 4
MOSCHIP,STAGE 4 and STAGE 1
MOSERVICE,STAGE 4
MOSILVER,STAGE 2
MOSMALL250,STAGE 4
MOTHERSON,STAGE 4
MOTILALOFS,STAGE 1
MOTISONS,STAGE 4
MOTOGENFIN,STAGE 4
MOTOUR,STAGE 4
MOVALUE,STAGE 4
MOXSH,STAGE 2
MPEL,STAGE 4
MPHASIS,STAGE 3
MPSLTD,STAGE 1
MRF,STAGE 3
MRIL,STAGE 4
MRPL,STAGE 3
MSCIADD,STAGE 4
MSCIINDIA,STAGE 4
MSPL,STAGE 2
MSTCLTD,STAGE 4
MSUMI,STAGE 4
MTARTECH,STAGE 2
MTEDUCARE,STAGE 4
MTNL,STAGE 4
MUFIN,STAGE 4 and STAGE 1
MUFTI,STAGE 4
MUKANDLTD,STAGE 4
MUKKA,STAGE 4
MUKTAARTS,STAGE 4
MULTICAP,STAGE 4
MUNISH,STAGE 4
MUNJALAU,STAGE 1
MUNJALSHOW,STAGE 4
MURUDCERA,STAGE 4
MUTHOOTCAP,STAGE 4
MUTHOOTFIN,STAGE 4
MUTHOOTMF,STAGE 4
MVGJL,STAGE 4
MVKAGRO,STAGE 3
MWL,STAGE 2
MYMUDRA,STAGE 4 and STAGE 1
NACLIND,STAGE 4
NAGAFERT,STAGE 4
NAGREEKCAP,STAGE 4
NAGREEKEXP,STAGE 4
NAHARCAP,STAGE 4
NAHARINDUS,STAGE 4 and STAGE 1
NAHARPOLY,STAGE 4
NAHARSPING,STAGE 1
NAM-INDIA,STAGE 2
NAMAN,STAGE 4
NAMOEWASTE,STAGE 2
NARMADA,STAGE 2
NATCAPSUQ,STAGE 3
NATCOPHARM,STAGE 2
NATHBIOGEN,STAGE 4 and STAGE 1
NATIONALUM,STAGE 2
NAUKRI,STAGE 3
NAVA,STAGE 2
NAVINFLUOR,STAGE 1
NAVKARCORP,STAGE 4
NAVKARURB,STAGE 4
NAVNETEDUL,STAGE 4
NAZARA,STAGE 2
NBCC,STAGE 4
NBIFIN,STAGE 4
NCC,STAGE 4 and STAGE 1
NCLIND,STAGE 4
NDGL,STAGE 4
NDL,STAGE 4
NDLVENTURE,STAGE 2
NDRAUTO,STAGE 2
NDRINVIT,STAGE 2
NDTV,STAGE 4
NECCLTD,STAGE 4
NECLIFE,STAGE 4
NEELAM,STAGE 4 and STAGE 1
NELCAST,STAGE 4
NELCO,STAGE 4
NEOCHEM,STAGE 1
NEOGEN,STAGE 4 and STAGE 1
NEPHROCARE,STAGE 4
NEPHROPLUS,STAGE 4 and STAGE 1
NEPTUNE,STAGE 4
NESCO,STAGE 4
NESTLEIND,STAGE 4 and STAGE 1
NETF,STAGE 4
NETWEB,STAGE 1
NETWORK18,STAGE 4
NEUEON,STAGE 2
NEULANDLAB,STAGE 1
NEWGEN,STAGE 4
NEWJAISA,STAGE 1
NEXT30ADD,STAGE 4 and STAGE 1
NEXT50,STAGE 4 and STAGE 1
NEXT50ADD,STAGE 4
NEXT50BETA,STAGE 4 and STAGE 1
NEXT50ETF,STAGE 4
NEXT50IETF,STAGE 4
NEXTMEDIA,STAGE 4
NFL,STAGE 4
NGIL,STAGE 2
NGLFINE,STAGE 2
NH,STAGE 1
NHIT,STAGE 2
NHPC,STAGE 1
NIACL,STAGE 4
NIBE,STAGE 4
NIBL,STAGE 4
NIDAN,STAGE 4
NIF100BEES,STAGE 4
NIF100IETF,STAGE 4
NIFTY1,STAGE 4
NIFTY100EW,STAGE 4
NIFTYADD,STAGE 4
NIFTYBEES,STAGE 4
NIFTYBETA,STAGE 4
NIFTYBETF,STAGE 4
NIFTYCASE,STAGE 4
NIFTYETF,STAGE 4
NIFTYIETF,STAGE 4
NIFTYQLITY,STAGE 4
NIITLTD,STAGE 4
NIITMTS,STAGE 3
NIKITA,STAGE 3
NILAINFRA,STAGE 4
NILASPACES,STAGE 4
NILKAMAL,STAGE 4
NINSYS,STAGE 2
NIPPOBATRY,STAGE 1
NIRAJ,STAGE 4
NIRAJISPAT,STAGE 4 and STAGE 1
NIRMAN,STAGE 4
NITCO,STAGE 1
NITINSPIN,STAGE 2
NITIRAJ,STAGE 4
NIVABUPA,STAGE 4 and STAGE 1
NKIND,STAGE 1
NLCINDIA,STAGE 2
NMDC,STAGE 4 and STAGE 1
NMSTEEL,STAGE 4
NOCIL,STAGE 1
NOIDATOLL,STAGE 1
NORBTEAEXP,STAGE 4
NORTHARC,STAGE 2
NOVAAGRI,STAGE 4
NPBET,STAGE 4
NPST,STAGE 4
NRAIL,STAGE 4 and STAGE 1
NRBBEARING,STAGE 2
NRL,STAGE 4
NRVANDANA,STAGE 1
NSIL,STAGE 4
NSLNISP,STAGE 2
NTPC,STAGE 2
NTPCGREEN,STAGE 2
NUCLEUS,STAGE 4
NURECA,STAGE 4
NUVAMA,STAGE 1
NUVOCO,STAGE 1
NV20,STAGE 4
NV20BEES,STAGE 4
NV20IETF,STAGE 1
NXST,STAGE 4
NYKAA,STAGE 4
OAL,STAGE 4
OBCL,STAGE 3
OBEROIRLTY,STAGE 4 and STAGE 1
OBSCP,STAGE 4 and STAGE 1
OCCLLTD,STAGE 4
ODIGMA,STAGE 4
OFSS,STAGE 4 and STAGE 1
OIL,STAGE 1
OILCOUNTUB,STAGE 4
OILIETF,STAGE 4
OLAELEC,STAGE 4
OLECTRA,STAGE 1
OLIL,STAGE 2
OMAXAUTO,STAGE 2
OMAXE,STAGE 4 and STAGE 1
OMFREIGHT,STAGE 1
OMFURN,STAGE 4
OMINFRAL,STAGE 4
OMKARCHEM,STAGE 3
ONDOOR,STAGE 4
ONELIFECAP,STAGE 2
ONEPOINT,STAGE 2
ONESOURCE,STAGE 2
ONGC,STAGE 2
ONMOBILE,STAGE 4 and STAGE 1
ONWARDTEC,STAGE 4
ONYX,STAGE 4
OPTIEMUS,STAGE 4 and STAGE 1
OPTIVALUE,STAGE 4
ORBTEXP,STAGE 4
ORCHASP,STAGE 3
ORCHPHARMA,STAGE 1
ORIANA,STAGE 4 and STAGE 1
ORICONENT,STAGE 2
ORIENTALTL,STAGE 4
ORIENTBELL,STAGE 4 and STAGE 1
ORIENTCEM,STAGE 4
ORIENTCER,STAGE 4
ORIENTELEC,STAGE 4
ORIENTHOT,STAGE 4
ORIENTLTD,STAGE 4
ORIENTPPR,STAGE 4
ORIENTTECH,STAGE 4
ORISSAMINE,STAGE 4
ORKLAINDIA,STAGE 1
ORTEL,STAGE 1
ORTINGLOBE,STAGE 2
OSELDEVICE,STAGE 1
OSIAHYPER,STAGE 4
OSWALAGRO,STAGE 4
OSWALGREEN,STAGE 4
OSWALPUMPS,STAGE 4
OSWALSEEDS,STAGE 4
OWAIS,STAGE 4
PACEDIGITK,STAGE 4
PAGEIND,STAGE 1
PAISALO,STAGE 1
PAKKA,STAGE 4
PALASHSECU,STAGE 4
PALREDTEC,STAGE 4
PANACEABIO,STAGE 1
PANACHE,STAGE 4
PANAMAPET,STAGE 1
PANSARI,STAGE 4
PAR,STAGE 4
PARACABLES,STAGE 1
PARADEEP,STAGE 4
PARAGMILK,STAGE 4
PARAGON,STAGE 1
PARAMATRIX,STAGE 4
PARAMOUNT,STAGE 1
PARAMPARA,STAGE 2
PARAS,STAGE 4 and STAGE 1
PARASPETRO,STAGE 3
PARIN,STAGE 2
PARKHOSPS,STAGE 2
PARKHOTELS,STAGE 4
PARSVNATH,STAGE 3
PARTH,STAGE 2
PARTYCRUS,STAGE 2
PASHUPATI,STAGE 3
PASUPTAC,STAGE 4
PATANJALI,STAGE 3
PATELENG,STAGE 4
PATELRMART,STAGE 4
PATILAUTOM,STAGE 2
PATINTLOG,STAGE 4
PATTECH,STAGE 1
PAUSHAKLTD,STAGE 4
PAVNAIND,STAGE 4
PAYTM,STAGE 4
PCBL,STAGE 4
PCCL,STAGE 2
PCJEWELLER,STAGE 4
PDMJEPAPER,STAGE 4
PDSL,STAGE 4
PEARLPOLY,STAGE 4
PELATRO,STAGE 4
PENIND,STAGE 4
PENINLAND,STAGE 3
PENTAGON,STAGE 4
PERFECT,STAGE 1
PERSISTENT,STAGE 3
PETRONET,STAGE 4
PFC,STAGE 2
PFIZER,STAGE 4
PFOCUS,STAGE 3
PFS,STAGE 4
PGEL,STAGE 4
PGHH,STAGE 4
PGHL,STAGE 1
PGIL,STAGE 4
PGINVIT,STAGE 1
PHANTOMFX,STAGE 3
PHARMABEES,STAGE 1
PHOENIXLTD,STAGE 4
PHOGLOBAL,STAGE 4
PICCADIL,STAGE 4
PIDILITIND,STAGE 1
PIGL,STAGE 4
PIIND,STAGE 4
PILANIINVS,STAGE 4
PILITA,STAGE 4
PINELABS,STAGE 4
PIONEEREMB,STAGE 4
PIRAMALFIN,STAGE 2
PITTIENG,STAGE 4 and STAGE 1
PIXTRANS,STAGE 4
PKTEA,STAGE 1
PLADAINFO,STAGE 4
PLASTIBLEN,STAGE 4
PLATIND,STAGE 4
PLAZACABLE,STAGE 2
PNB,STAGE 4
PNBGILTS,STAGE 4
PNBHOUSING,STAGE 2
PNC,STAGE 4
PNCINFRA,STAGE 4
PNGJL,STAGE 4
POCL,STAGE 1
PODDARMENT,STAGE 4
POKARNA,STAGE 3
POLICYBZR,STAGE 4
POLYCAB,STAGE 2
POLYMED,STAGE 4
POLYPLEX,STAGE 4 and STAGE 1
POLYSIL,STAGE 3
PONNIERODE,STAGE 1
POONAWALLA,STAGE 4
POSITRON,STAGE 4
POWERGRID,STAGE 2
POWERINDIA,STAGE 2
POWERMECH,STAGE 4
PPAP,STAGE 4
PPL,STAGE 4
PPLPHARMA,STAGE 2
PPSL,STAGE 3
PRABHA,STAGE 4
PRAENG,STAGE 4
PRAJIND,STAGE 1
PRAKASH,STAGE 4 and STAGE 1
PRAKASHSTL,STAGE 4
PRAMARA,STAGE 1
PRANIK,STAGE 1
PRATHAM,STAGE 4 and STAGE 1
PRAXIS,STAGE 4
PRECAM,STAGE 4
PRECISION,STAGE 4
PRECOT,STAGE 2
PRECWIRE,STAGE 2
PREMEXPLN,STAGE 4 and STAGE 1
PREMIER,STAGE 4
PREMIERENE,STAGE 1
PREMIERPOL,STAGE 2
PREMIUM,STAGE 4
PRESSTONIC,STAGE 4
PRESTIGE,STAGE 4
PRICOLLTD,STAGE 4
PRIMECAB,STAGE 1
PRIMESECU,STAGE 4
PRIMO,STAGE 1
PRINCEPIPE,STAGE 4
PRITI,STAGE 4
PRITIKA,STAGE 2
PRITIKAUTO,STAGE 4
PRIVISCL,STAGE 1
PRIZOR,STAGE 2
PRLIND,STAGE 4
PROFX,STAGE 4
PROLIFE,STAGE 3
PROPEQUITY,STAGE 2
PROSTARM,STAGE 4
PROTEAN,STAGE 4
PROV,STAGE 2
PROZONER,STAGE 4 and STAGE 1
PRSMJOHNSN,STAGE 1
PRUDENT,STAGE 4
PRUDMOULI,STAGE 4
PSB,STAGE 4
PSFL,STAGE 4 and STAGE 1
PSPPROJECT,STAGE 4
PSRAJ,STAGE 1
PSUBANK,STAGE 4
PSUBANKADD,STAGE 4
PSUBNKBEES,STAGE 4
PSUBNKIETF,STAGE 4
PTC,STAGE 2
PTCIL,STAGE 1
PTL,STAGE 4 and STAGE 1
PULZ,STAGE 4
PUNJABCHEM,STAGE 4
PURPLEUTED,STAGE 1
PURVA,STAGE 4
PURVFLEXI,STAGE 4
PUSHPA,STAGE 1
PVP,STAGE 4
PVRINOX,STAGE 4
PVSL,STAGE 4
PVTBANIETF,STAGE 4
PVTBANKADD,STAGE 4
PWL,STAGE 2
PYRAMID,STAGE 4 and STAGE 1
QFIL,STAGE 4
QGOLDHALF,STAGE 2
QMSMEDI,STAGE 4
QNIFTY,STAGE 4
QPOWER,STAGE 1
QUADFUTURE,STAGE 4
QUADPRO,STAGE 1
QUAL30IETF,STAGE 4
QUALITY30,STAGE 4
QUESS,STAGE 4
QUESTLAB,STAGE 2
QUICKHEAL,STAGE 1
QUICKTOUCH,STAGE 3
QUINTEGRA,STAGE 4
QVCEL,STAGE 4
RACE,STAGE 4 and STAGE 1
RACLGEAR,STAGE 1
RADAAN,STAGE 4
RADHIKAJWE,STAGE 4
RADIANTCMS,STAGE 4
RADICO,STAGE 2
RADIOCITY,STAGE 4
RADIOWALLA,STAGE 4
RAILTEL,STAGE 4
RAIN,STAGE 1
RAINBOW,STAGE 2
RAJESHEXPO,STAGE 4
RAJINDLTD,STAGE 4
RAJMET,STAGE 4
RAJOOENG,STAGE 4
RAJPUTANA,STAGE 4
RAJRATAN,STAGE 4
RAJRILTD,STAGE 4
RAJSREESUG,STAGE 1
RAJTV,STAGE 3
RAJVIR,STAGE 3
RALLIS,STAGE 4
RAMANEWS,STAGE 3
RAMAPHO,STAGE 4
RAMASTEEL,STAGE 4
RAMCOCEM,STAGE 3
RAMCOIND,STAGE 4
RAMCOSYS,STAGE 4
RAMKY,STAGE 4
RAMRAT,STAGE 1
RANASUG,STAGE 1
RANEHOLDIN,STAGE 1
RAPIDFLEET,STAGE 4
RAPPID,STAGE 4
RATEGAIN,STAGE 1
RATNAMANI,STAGE 1
RATNAVEER,STAGE 4 and STAGE 1
RAYMOND,STAGE 4 and STAGE 1
RAYMONDLSL,STAGE 4
RAYMONDREL,STAGE 1
RBA,STAGE 1
RBLBANK,STAGE 1
RBMINFRA,STAGE 4
RBS,STAGE 4
RBZJEWEL,STAGE 4
RCDL,STAGE 4
RCF,STAGE 4
RCOM,STAGE 4
READYMIX,STAGE 4
RECLTD,STAGE 4
REDINGTON,STAGE 4
REDTAPE,STAGE 4
REFEX,STAGE 1
REFRACTORY,STAGE 4
REGAAL,STAGE 1
REGENCERAM,STAGE 4
RELAXO,STAGE 4
RELCHEMQ,STAGE 4
RELIABLE,STAGE 4
RELIANCE,STAGE 4
RELIGARE,STAGE 4
RELINFRA,STAGE 4
RELTD,STAGE 4
REMSONSIND,STAGE 4
REMUS,STAGE 2
RENUKA,STAGE 3
REPCOHOME,STAGE 4
REPL,STAGE 4
REPRO,STAGE 4
RESPONIND,STAGE 4
RETAIL,STAGE 3
REXPIPES,STAGE 2
REXPRO,STAGE 3
RGL,STAGE 4
RHETAN,STAGE 4 and STAGE 1
RHFL,STAGE 4
RHIM,STAGE 4
RHL,STAGE 4
RICHA,STAGE 2
RICOAUTO,STAGE 4
RIIL,STAGE 4
RILINFRA,STAGE 4
RISHABH,STAGE 4 and STAGE 1
RITCO,STAGE 1
RITES,STAGE 4 and STAGE 1
RITEZONE,STAGE 4 and STAGE 1
RKDL,STAGE 4
RKEC,STAGE 4
RKFORGE,STAGE 4 and STAGE 1
RKSWAMY,STAGE 4
RMDRIP,STAGE 3
RML,STAGE 1
RNBDENIMS,STAGE 3
RNFI,STAGE 4
RNPL,STAGE 4
ROCKINGDCE,STAGE 4
ROCKPP,STAGE 3
ROHLTD,STAGE 4
ROLEXRINGS,STAGE 4 and STAGE 1
ROLLT,STAGE 2
ROML,STAGE 4
ROSSARI,STAGE 4
ROSSELLIND,STAGE 1
ROSSTECH,STAGE 2
ROTO,STAGE 4
ROUTE,STAGE 4
ROXHITECH,STAGE 4
ROYALARC,STAGE 1
RPEL,STAGE 1
RPGLIFE,STAGE 1
RPOWER,STAGE 4
RPPINFRA,STAGE 4
RPPL,STAGE 4
RPSGVENT,STAGE 1
RPTECH,STAGE 2
RRKABEL,STAGE 1
RSSOFTWARE,STAGE 4
RSWM,STAGE 4 and STAGE 1
RSYSTEMS,STAGE 4
RTL,STAGE 2
RTNINDIA,STAGE 4
RTNPOWER,STAGE 4
RUBFILA,STAGE 4
RUBICON,STAGE 2
RUBYMILLS,STAGE 4
RUCHINFRA,STAGE 4
RUCHIRA,STAGE 4
RUDRA,STAGE 4 and STAGE 1
RULKA,STAGE 4
RUPA,STAGE 4
RUSHIL,STAGE 4
RUSTOMJEE,STAGE 4
RVHL,STAGE 4
RVNL,STAGE 4
RVTH,STAGE 4
S&SPOWER,STAGE 2
SAAKSHI,STAGE 4 and STAGE 1
SAATVIKGL,STAGE 1
SABAR,STAGE 3
SABEVENTS,STAGE 4
SABTNL,STAGE 2
SACHEEROME,STAGE 4
SADBHAV,STAGE 4
SADBHIN,STAGE 4
SADHAV,STAGE 1
SADHNANIQ,STAGE 4
SAFARI,STAGE 4
SAFEENTP,STAGE 1
SAGARDEEP,STAGE 4
SAGCEM,STAGE 4
SAGILITY,STAGE 4
SAHAJ,STAGE 4
SAHAJSOLAR,STAGE 4
SAHANA,STAGE 4
SAHASRA,STAGE 1
SAHYADRI,STAGE 1
SAIFL,STAGE 3
SAIL,STAGE 2
SAILIFE,STAGE 2
SAJHOTELS,STAGE 4
SAKAR,STAGE 2
SAKHTISUG,STAGE 4
SAKSOFT,STAGE 4
SAKUMA,STAGE 4
SALASAR,STAGE 4
SALONA,STAGE 1
SALSTEEL,STAGE 2
SALZERELEC,STAGE 1
SAMAY,STAGE 4
SAMBHAAV,STAGE 4
SAMBHV,STAGE 1
SAMHI,STAGE 4
SAMMAANCAP,STAGE 4
SAMPANN,STAGE 4
SANATHAN,STAGE 4 and STAGE 1
SANCO,STAGE 1
SANDESH,STAGE 4
SANDHAR,STAGE 4
SANDUMA,STAGE 1
SANGAMIND,STAGE 4 and STAGE 1
SANGANI,STAGE 4 and STAGE 1
SANGHIIND,STAGE 4
SANGHVIMOV,STAGE 4
SANGINITA,STAGE 2
SANOFI,STAGE 4
SANOFICONR,STAGE 1
SANSERA,STAGE 2
SANSTAR,STAGE 1
SANWARIA,STAGE 4
SAPPHIRE,STAGE 4 and STAGE 1
SARDAEN,STAGE 2
SAREGAMA,STAGE 1
SARLAPOLY,STAGE 4
SAROJA,STAGE 4
SARTELE,STAGE 3
SARVESHWAR,STAGE 4
SASKEN,STAGE 1
SASTASUNDR,STAGE 4
SATECH,STAGE 4
SATIA,STAGE 4 and STAGE 1
SATIN,STAGE 2
SATIPOLY,STAGE 1
SATKARTAR,STAGE 2
SATTVAENGG,STAGE 1
SAURASHCEM,STAGE 4
SAVY,STAGE 4
SAWALIYA,STAGE 3
SBC,STAGE 2
SBCL,STAGE 4 and STAGE 1
SBFC,STAGE 4
SBGLP,STAGE 4
SBIBPB,STAGE 4
SBICARD,STAGE 3
SBIETFCON,STAGE 4
SBIETFIT,STAGE 3
SBIETFPB,STAGE 4
SBIETFQLTY,STAGE 4
SBILIFE,STAGE 4
SBILIQETF,STAGE 2
SBIN,STAGE 3
SBINEQWETF,STAGE 4
SBISILVER,STAGE 2
SCHAEFFLER,STAGE 4
SCHAND,STAGE 4
SCHNEIDER,STAGE 2
SCI,STAGE 2
SCILAL,STAGE 4
SCML,STAGE 4
SCODATUBES,STAGE 4
SCPL,STAGE 2
SDBL,STAGE 4
SDL26BEES,STAGE 2
SDREAMS,STAGE 4 and STAGE 1
SEAMECLTD,STAGE 2
SECMARK,STAGE 4
SECURKLOUD,STAGE 4
SEITINVIT,STAGE 3
SEJALLTD,STAGE 4
SEL,STAGE 4
SELECTIPO,STAGE 4
SELLOWRAP,STAGE 4
SELMC,STAGE 4
SEMAC,STAGE 1
SENCO,STAGE 4
SENORES,STAGE 2
SENSEXADD,STAGE 4
SENSEXBETA,STAGE 4
SENSEXETF,STAGE 4
SENSEXIETF,STAGE 4
SEPC,STAGE 4
SEQUENT,STAGE 3
SERVICE,STAGE 1
SERVOTECH,STAGE 4 and STAGE 1
SESHAPAPER,STAGE 3
SETCO,STAGE 2
SETF10GILT,STAGE 1
SETFGOLD,STAGE 2
SETFNIF50,STAGE 4
SETFNIFBK,STAGE 4
SETFNN50,STAGE 4
SETL,STAGE 4 and STAGE 1
SETUINFRA,STAGE 4 and STAGE 1
SEYAIND,STAGE 1
SFL,STAGE 4 and STAGE 1
SFML,STAGE 4
SGBAPR28I,STAGE 1
SGBAUG27,STAGE 1
SGBAUG28V,STAGE 1
SGBAUG29V,STAGE 1
SGBAUG30,STAGE 1
SGBD29VIII,STAGE 1
SGBDC27VII,STAGE 1
SGBDE30III,STAGE 1
SGBDE31III,STAGE 2
SGBDEC26,STAGE 1
SGBFEB27,STAGE 1
SGBFEB28IX,STAGE 1
SGBFEB29XI,STAGE 1
SGBFEB32IV,STAGE 4
SGBJ28VIII,STAGE 1
SGBJAN27,STAGE 1
SGBJAN29IX,STAGE 1
SGBJAN29X,STAGE 1
SGBJAN30IX,STAGE 1
SGBJU29III,STAGE 1
SGBJUL27,STAGE 1
SGBJUL28IV,STAGE 1
SGBJUL29IV,STAGE 1
SGBJUN27,STAGE 1
SGBJUN28,STAGE 1
SGBJUN29II,STAGE 1
SGBJUN30,STAGE 1
SGBJUN31I,STAGE 2
SGBMAR28X,STAGE 1
SGBMAR30X,STAGE 1
SGBMAR31IV,STAGE 1
SGBMAY26,STAGE 4
SGBMAY28,STAGE 1
SGBMAY29I,STAGE 1
SGBMR29XII,STAGE 1
SGBN28VIII,STAGE 1
SGBNOV26,STAGE 1
SGBNV29VII,STAGE 1
SGBOC28VII,STAGE 1
SGBOCT26,STAGE 4
SGBOCT27,STAGE 1
SGBOCT27VI,STAGE 1
SGBSEP27,STAGE 1
SGBSEP28VI,STAGE 1
SGBSEP29VI,STAGE 1
SGBSEP31II,STAGE 2
SGFIN,STAGE 1
SGIL,STAGE 4
SGL,STAGE 4
SGLTL,STAGE 3
SGMART,STAGE 2
SHADOWFAX,STAGE 2
SHAH,STAGE 4 and STAGE 1
SHAHALLOYS,STAGE 4
SHAILY,STAGE 2
SHAKTIPUMP,STAGE 4
SHALBY,STAGE 4
SHALPAINTS,STAGE 4
SHANKARA,STAGE 1
SHANTHALA,STAGE 3
SHANTI,STAGE 4
SHANTIGEAR,STAGE 4
SHANTIGOLD,STAGE 4
SHARDACROP,STAGE 4
SHARDAMOTR,STAGE 4
SHAREINDIA,STAGE 4
SHARIABEES,STAGE 4
SHEEL,STAGE 4
SHEETAL,STAGE 2
SHEKHAWATI,STAGE 4
SHEMAROO,STAGE 4
SHERA,STAGE 2
SHETHJI,STAGE 2
SHIGAN,STAGE 2
SHILCTECH,STAGE 1
SHILPAMED,STAGE 2
SHIVALIK,STAGE 4
SHIVAMAUTO,STAGE 4
SHIVAMILLS,STAGE 4
SHIVASHRIT,STAGE 4
SHIVATEX,STAGE 1
SHIVAUM,STAGE 4 and STAGE 1
SHK,STAGE 4
SHKSIL,STAGE 4
SHOPERSTOP,STAGE 1
SHRADHA,STAGE 4
SHREDIGCEM,STAGE 4
SHREECEM,STAGE 4
SHREEJISPG,STAGE 2
SHREEKARNI,STAGE 4
SHREEOSFM,STAGE 3
SHREEPUSHK,STAGE 4
SHREERAMA,STAGE 3
SHREMINVIT,STAGE 3
SHRENIK,STAGE 4
SHREYANIND,STAGE 4
SHRIAHIMSA,STAGE 1
SHRIKANHA,STAGE 4 and STAGE 1
SHRINGARMS,STAGE 4
SHRIPISTON,STAGE 2
SHRIRAMFIN,STAGE 4
SHRIRAMPPS,STAGE 4 and STAGE 1
SHRITECH,STAGE 4
SHUBHLAXMI,STAGE 3
SHUBHSHREE,STAGE 4
SHYAMCENT,STAGE 4
SHYAMDHANI,STAGE 4
SHYAMMETL,STAGE 4 and STAGE 1
SHYAMTEL,STAGE 4 and STAGE 1
SICALLOG,STAGE 4
SIDDHICOTS,STAGE 1
SIDDHIKA,STAGE 1
SIEMENS,STAGE 2
SIGACHI,STAGE 4
SIGIND,STAGE 4
SIGMA,STAGE 4
SIGNATURE,STAGE 4
SIGNORIA,STAGE 4
SIGNPOST,STAGE 4 and STAGE 1
SIKKO,STAGE 4
SIL,STAGE 4
SILGO,STAGE 4 and STAGE 1
SILGO-RE1,STAGE 1
SILINV,STAGE 4
SILKFLEX,STAGE 2
SILKY,STAGE 3
SILLYMONKS,STAGE 4
SILVER,STAGE 2
SILVER1,STAGE 1
SILVER360,STAGE 2
SILVERADD,STAGE 2
SILVERAG,STAGE 2
SILVERBEES,STAGE 2
SILVERBETA,STAGE 1
SILVERBND,STAGE 1
SILVERCASE,STAGE 2
SILVERIETF,STAGE 2
SILVERTUC,STAGE 4
SIMBHALS,STAGE 4 and STAGE 1
SIMPLEXINF,STAGE 4
SINCLAIR,STAGE 4
SINDHUTRAD,STAGE 1
SINTERCOM,STAGE 4
SIRCA,STAGE 4
SIS,STAGE 1
SITINET,STAGE 4 and STAGE 1
SIYSIL,STAGE 4
SJLOGISTIC,STAGE 4
SJS,STAGE 2
SJVN,STAGE 4
SKFINDIA,STAGE 4
SKFINDUS,STAGE 3
SKIL,STAGE 4
SKIPPER,STAGE 4
SKMEGGPROD,STAGE 4
SKP,STAGE 4
SKYGOLD,STAGE 1
SLONE,STAGE 4
SMALL250,STAGE 4
SMALLADD,STAGE 4
SMALLCAP,STAGE 4
SMARTEN,STAGE 4
SMARTLINK,STAGE 2
SMARTWORKS,STAGE 4
SMCGLOBAL,STAGE 4
SML100CASE,STAGE 4
SMLMAH,STAGE 3
SMLT,STAGE 4
SMSPHARMA,STAGE 2
SMVD,STAGE 3
SNEHAA,STAGE 4
SNOWMAN,STAGE 4
SNXT30BEES,STAGE 4
SNXT50BETA,STAGE 4
SOBHA,STAGE 4
SOCL,STAGE 4
SOFTTECH,STAGE 2
SOLARA,STAGE 1
SOLARAPP1,STAGE 4
SOLARINDS,STAGE 1
SOLARWORLD,STAGE 4
SOLEX,STAGE 1
SOMANYCERA,STAGE 4 and STAGE 1
SOMATEX,STAGE 4
SOMICONVEY,STAGE 4
SONACOMS,STAGE 2
SONAMAC,STAGE 4
SONAMLTD,STAGE 4 and STAGE 1
SONATSOFTW,STAGE 4
SONUINFRA,STAGE 4
SOTAC,STAGE 4 and STAGE 1
SOTL,STAGE 1
SOUTHBANK,STAGE 4
SOUTHWEST,STAGE 1
SPAL,STAGE 4
SPANDANA,STAGE 1
SPARC,STAGE 1
SPCENET,STAGE 4
SPCL,STAGE 4
SPEB,STAGE 2
SPECIALITY,STAGE 4
SPECTRUM,STAGE 4
SPECTSTM,STAGE 3
SPENCERS,STAGE 4
SPIC,STAGE 4
SPLIL,STAGE 4 and STAGE 1
SPLPETRO,STAGE 3
SPMLINFRA,STAGE 4
SPORTKING,STAGE 2
SPPPOLY,STAGE 4
SPRL,STAGE 3
SPUNWEB,STAGE 4
SRD,STAGE 4
SREEL,STAGE 4
SRF,STAGE 4
SRGHFL,STAGE 4
SRHHYPOLTD,STAGE 4
SRIVASAVI,STAGE 1
SRM,STAGE 4
SRPL,STAGE 4
SSDL,STAGE 4
SSEGL,STAGE 4
SSFL,STAGE 4 and STAGE 1
SSFLPP,STAGE 1
SSWL,STAGE 4
STALLION,STAGE 4
STANLEY,STAGE 1
STAR,STAGE 2
STARCEMENT,STAGE 4
STARHEALTH,STAGE 1
STARPAPER,STAGE 4
STARTECK,STAGE 4
STCINDIA,STAGE 4
STEELCAS,STAGE 2
STEELCITY,STAGE 4
STEELXIND,STAGE 4 and STAGE 1
STEL,STAGE 4
STERTOOLS,STAGE 4
STLNETWORK,STAGE 4 and STAGE 1
STLTECH,STAGE 2
STOVEKRAFT,STAGE 1
STUDDS,STAGE 3
STUDIOLSD,STAGE 4
STYL,STAGE 4
STYLAMIND,STAGE 1
STYLEBAAZA,STAGE 4 and STAGE 1
STYRENIX,STAGE 4
SUBAHOTELS,STAGE 4 and STAGE 1
SUBEXLTD,STAGE 1
SUBROS,STAGE 4
SUDARCOLOR,STAGE 4 and STAGE 1
SUDARSCHEM,STAGE 4
SUDEEPPHRM,STAGE 1
SUKHJITS,STAGE 4
SULA,STAGE 4
SUMEETINDS,STAGE 4
SUMICHEM,STAGE 1
SUMIT,STAGE 3
SUMMITSEC,STAGE 4
SUNCLAY,STAGE 4 and STAGE 1
SUNDARAM,STAGE 4
SUNDARMFIN,STAGE 3
SUNDRMBRAK,STAGE 4
SUNDRMFAST,STAGE 4
SUNDROP,STAGE 2
SUNFLAG,STAGE 2
SUNLITE,STAGE 2
SUNPHARMA,STAGE 2
SUNREST,STAGE 3
SUNTECH,STAGE 4 and STAGE 1
SUNTECK,STAGE 4
SUNTV,STAGE 3
SUPERHOUSE,STAGE 4
SUPERSPIN,STAGE 4
SUPRAJIT,STAGE 4
SUPREME,STAGE 4
SUPREMEENG,STAGE 4
SUPREMEIND,STAGE 3
SUPREMEINF,STAGE 4
SUPREMEPWR,STAGE 1
SUPRIYA,STAGE 4
SURAJEST,STAGE 4
SURAJLTD,STAGE 3
SURAKSHA,STAGE 2
SURANASOL,STAGE 4
SURANAT&P,STAGE 4
SURANI,STAGE 2
SURYALAXMI,STAGE 4
SURYAROSNI,STAGE 4
SURYODAY,STAGE 1
SUTLEJTEX,STAGE 4 and STAGE 1
SUVEN,STAGE 4 and STAGE 1
SUVIDHAA,STAGE 4
SUYOG,STAGE 1
SUZLON,STAGE 4
SVLL,STAGE 4
SVPGLOB,STAGE 4
SWANCORP,STAGE 4
SWANDEF,STAGE 4
SWARAJ,STAGE 2
SWARAJENG,STAGE 4 and STAGE 1
SWASTIK,STAGE 4
SWELECTES,STAGE 4
SWIGGY,STAGE 3
SWSOLAR,STAGE 4 and STAGE 1
SYLVANPLY,STAGE 4
SYMPHONY,STAGE 4
SYNCOMF,STAGE 4
SYNGENE,STAGE 4
SYNOPTICS,STAGE 4 and STAGE 1
SYRMA,STAGE 2
SYSTANGO,STAGE 3
SYSTMTXC,STAGE 4
TAC,STAGE 3
TAINWALCHM,STAGE 4
TAJGVK,STAGE 4
TAKE,STAGE 3
TALBROAUTO,STAGE 4 and STAGE 1
TANKUP,STAGE 1
TANLA,STAGE 4
TAPIFRUIT,STAGE 4
TARACHAND,STAGE 4
TARAPUR,STAGE 3
TARC,STAGE 4
TARIL,STAGE 1
TARMAT,STAGE 4
TARSONS,STAGE 4
TASTYBITE,STAGE 3
TATACAP,STAGE 4 and STAGE 1
TATACHEM,STAGE 4
TATACOMM,STAGE 1
TATACONSUM,STAGE 1
TATAELXSI,STAGE 3
TATAGOLD,STAGE 2
TATAINVEST,STAGE 4 and STAGE 1
TATAPOWER,STAGE 1
TATASTEEL,STAGE 2
TATATECH,STAGE 1
TATSILV,STAGE 2
TATVA,STAGE 4 and STAGE 1
TAURIAN,STAGE 4
TBI,STAGE 3
TBOTEK,STAGE 4
TBZ,STAGE 4
TCI,STAGE 3
TCIEXP,STAGE 4
TCIFINANCE,STAGE 4
TCL,STAGE 4 and STAGE 1
TCPLPACK,STAGE 4
TCS,STAGE 3
TDPOWERSYS,STAGE 2
TEAMGTY,STAGE 2
TEAMLEASE,STAGE 1
TECH,STAGE 3
TECHD,STAGE 4
TECHERA,STAGE 4
TECHLABS,STAGE 4
TECHM,STAGE 1
TECHNOE,STAGE 1
TECILCHEM,STAGE 4
TEGA,STAGE 3
TEJASCARGO,STAGE 2
TEJASNET,STAGE 1
TEMBO,STAGE 4
TENNIND,STAGE 2
TERASOFT,STAGE 3
TEXINFRA,STAGE 4
TEXMOPIPES,STAGE 4
TEXRAIL,STAGE 1
TFCILTD,STAGE 1
TFL,STAGE 3
TGBHOTELS,STAGE 4
TGL,STAGE 3
THANGAMAYL,STAGE 1
THEINVEST,STAGE 4
THEJO,STAGE 4 and STAGE 1
THELEELA,STAGE 4
THEMISMED,STAGE 4 and STAGE 1
THERMAX,STAGE 2
THESL,STAGE 4
THOMASCOOK,STAGE 3
THOMASCOTT,STAGE 4
THYROCARE,STAGE 1
TI,STAGE 1
TICL,STAGE 4
TIGERLOGS,STAGE 1
TIIL,STAGE 4
TIINDIA,STAGE 1
TIJARIA,STAGE 4
TIL,STAGE 4
TIMESCAN,STAGE 3
TIMETECHNO,STAGE 4 and STAGE 1
TIMKEN,STAGE 2
TINNARUBR,STAGE 4 and STAGE 1
TIPSFILMS,STAGE 4 and STAGE 1
TIPSMUSIC,STAGE 4 and STAGE 1
TIRUMALCHM,STAGE 4
TIRUPATI,STAGE 1
TIRUPATIFL,STAGE 1
TITAGARH,STAGE 4
TITAN,STAGE 2
TMB,STAGE 4 and STAGE 1
TMCV,STAGE 3
TMPV,STAGE 4
TNIDETF,STAGE 4
TNPETRO,STAGE 4
TNPL,STAGE 4 and STAGE 1
TNTELE,STAGE 4
TOKYOPLAST,STAGE 4
TOLINS,STAGE 4
TOP100CASE,STAGE 4
TOP10ADD,STAGE 4
TOP15IETF,STAGE 4
TOP20,STAGE 4
TORNTPHARM,STAGE 2
TORNTPOWER,STAGE 2
TOTAL,STAGE 4
TOUCHWOOD,STAGE 4
TPHQ,STAGE 4
TPLPLASTEH,STAGE 4 and STAGE 1
TRACXN,STAGE 4
TRANSRAILL,STAGE 4 and STAGE 1
TRANSTEEL,STAGE 3
TRANSWIND,STAGE 3
TRANSWORLD,STAGE 4
TRAVELFOOD,STAGE 3
TREEHOUSE,STAGE 1
TREJHARA,STAGE 3
TREL,STAGE 4
TRENT,STAGE 4 and STAGE 1
TRF,STAGE 4
TRIDENT,STAGE 4
TRIDHYA,STAGE 4
TRIGYN,STAGE 4
TRITURBINE,STAGE 2
TRIVENI,STAGE 3
TROM,STAGE 4
TRU,STAGE 4
TRUALT,STAGE 1
TRUST,STAGE 4
TSC,STAGE 4
TSFINV,STAGE 4
TTKHLTCARE,STAGE 4
TTKPRESTIG,STAGE 4
TTL,STAGE 3
TTML,STAGE 4
TUNWAL,STAGE 1
TVSELECT,STAGE 4
TVSHLTD,STAGE 4
TVSINVIT,STAGE 2
TVSMOTOR,STAGE 4
TVSSCS,STAGE 4
TVSSRICHAK,STAGE 4
TVTODAY,STAGE 4
TVVISION,STAGE 4
TWCGOLDETF,STAGE 1
UBL,STAGE 3
UCAL,STAGE 4
UCL,STAGE 2
UCOBANK,STAGE 4
UDS,STAGE 2
UEL,STAGE 2
UFBL,STAGE 2
UFLEX,STAGE 4
UFO,STAGE 2
UGARSUGAR,STAGE 1
UGROCAP,STAGE 4
UHTL,STAGE 4
UJJIVANSFB,STAGE 4
ULTRACEMCO,STAGE 4
UMA,STAGE 4 and STAGE 1
UMAEXPORTS,STAGE 4
UMESLTD,STAGE 3
UMIYA-MRO,STAGE 4
UNICHEMLAB,STAGE 4
UNIDT,STAGE 4
UNIECOM,STAGE 4
UNIENTER,STAGE 4
UNIHEALTH,STAGE 2
UNIINFO,STAGE 4
UNILEX,STAGE 4
UNIMECH,STAGE 4
UNIONBANK,STAGE 3
UNIONGOLD,STAGE 2
UNIPARTS,STAGE 4
UNITDSPR,STAGE 4
UNITECH,STAGE 4
UNITEDPOLY,STAGE 1
UNITEDTEA,STAGE 2
UNIVAFOODS,STAGE 4
UNIVASTU,STAGE 4
UNIVCABLES,STAGE 1
UNIVPHOTO,STAGE 4 and STAGE 1
UNOMINDA,STAGE 4
UPL,STAGE 4
URAVIDEF,STAGE 4
URBAN,STAGE 4
URBANCO,STAGE 1
URJA,STAGE 4
USASEEDS,STAGE 4
USHAFIN,STAGE 3
USHAMART,STAGE 2
USK,STAGE 4
UTIAMC,STAGE 4
UTKARSHBNK,STAGE 4
UTLSOLAR,STAGE 1
UTSSAV,STAGE 1
UTTAMSUGAR,STAGE 2
UWCSL,STAGE 4
UYFINCORP,STAGE 4 and STAGE 1
V2RETAIL,STAGE 4
VADILALIND,STAGE 4
VAIBHAVGBL,STAGE 4
VAISHALI,STAGE 4
VAKRANGEE,STAGE 4
VAL30IETF,STAGE 4
VALIANTLAB,STAGE 4 and STAGE 1
VALIANTORG,STAGE 4
VARDHACRLC,STAGE 1
VARDMNPOLY,STAGE 4
VARROC,STAGE 1
VASA,STAGE 3
VASCONEQ,STAGE 4
VASWANI,STAGE 4
VBL,STAGE 4 and STAGE 1
VCL,STAGE 4
VDEAL,STAGE 4
VEDL,STAGE 4
VEEDOL,STAGE 4
VEEKAYEM,STAGE 4
VELS,STAGE 2
VENKEYS,STAGE 4
VENTIVE,STAGE 1
VENUSPIPES,STAGE 4 and STAGE 1
VENUSREM,STAGE 1
VERANDA,STAGE 1
VERITAAS,STAGE 4
VERTEXPLUS,STAGE 3
VERTIS,STAGE 3
VERTOZ,STAGE 4
VESUVIUS,STAGE 4 and STAGE 1
VETO,STAGE 4 and STAGE 1
VGINFOTECH,STAGE 4
VGL,STAGE 4
VGUARD,STAGE 4
VHL,STAGE 1
VHLTD,STAGE 3
VIAZ,STAGE 4
VICTORYEV,STAGE 4
VIDHIING,STAGE 4
VIDYAWIRES,STAGE 2
VIESL,STAGE 2
VIGOR,STAGE 4
VIJAYA,STAGE 2
VIJAYPD,STAGE 2
VIJIFIN,STAGE 1
VIKASECO,STAGE 4
VIKASLIFE,STAGE 4
VIKRAMSOLR,STAGE 1
VIKRAN,STAGE 4
VILAS,STAGE 4
VILINBIO,STAGE 2
VIMTALABS,STAGE 4
VINATIORGA,STAGE 3
VINCOFE,STAGE 3
VINDHYATEL,STAGE 1
VINEET-RE,STAGE 1
VINEETLAB,STAGE 4
VINNY,STAGE 4
VINSYS,STAGE 4
VINYAS,STAGE 4
VINYLINDIA,STAGE 4
VIPCLOTHNG,STAGE 1
VIPIND,STAGE 3
VIPULLTD,STAGE 3
VIRINCHI,STAGE 4
VISAKAIND,STAGE 1
VISAMAN,STAGE 4
VISASTEEL,STAGE 1
VISHNU,STAGE 2
VISHNUINFR,STAGE 4
VISHWARAJ,STAGE 4
VISHWAS,STAGE 1
VITAL,STAGE 4 and STAGE 1
VIVIANA,STAGE 4
VIVIDHA,STAGE 4
VIVIMEDLAB,STAGE 4
VIVO,STAGE 3
VIYASH,STAGE 1
VLEGOV,STAGE 4
VLINFRA,STAGE 4 and STAGE 1
VLSFINANCE,STAGE 4
VMARCIND,STAGE 2
VMART,STAGE 4
VMM,STAGE 4
VMSTMT,STAGE 4
VOLERCAR,STAGE 1
VOLTAMP,STAGE 2
VOLTAS,STAGE 4 and STAGE 1
VPRPL,STAGE 4
VR,STAGE 4
VRAJ,STAGE 4 and STAGE 1
VRLLOG,STAGE 4
VSCL,STAGE 3
VSSL,STAGE 4
VSTIND,STAGE 4
VSTL,STAGE 4
VSTTILLERS,STAGE 4
VTL,STAGE 2
WAAREEENER,STAGE 4
WAAREEINDO,STAGE 4
WAAREERTL,STAGE 4
WABAG,STAGE 1
WAKEFIT,STAGE 4
WALCHANNAG,STAGE 4 and STAGE 1
WALPAR,STAGE 3
WANBURY,STAGE 4 and STAGE 1
WCIL,STAGE 4
WEALTH,STAGE 4
WEBELSOLAR,STAGE 1
WEIZMANIND,STAGE 4
WEL,STAGE 4
WELCORP,STAGE 2
WELENT,STAGE 4 and STAGE 1
WELINV,STAGE 2
WELSPUNLIV,STAGE 1
WENDT,STAGE 4
WESTLIFE,STAGE 4
WEWIN,STAGE 4
WEWORK,STAGE 4
WHEELS,STAGE 2
WHIRLPOOL,STAGE 1
WHITEFORCE,STAGE 4
WILLAMAGOR,STAGE 4
WINDLAS,STAGE 4 and STAGE 1
WINDMACHIN,STAGE 4
WINNY,STAGE 4
WINSOL,STAGE 1
WINSOME,STAGE 2
WIPL,STAGE 4
WIPRO,STAGE 4
WOCKPHARMA,STAGE 2
WOL3D,STAGE 4 and STAGE 1
WOMANCART,STAGE 3
WONDERLA,STAGE 3
WORTHPERI,STAGE 4
WSI,STAGE 4
WSTCSTPAPR,STAGE 1
WTICAB,STAGE 4
XCHANGING,STAGE 4
XELPMOC,STAGE 4
XPROINDIA,STAGE 1
XTGLOBAL,STAGE 4
YASHO,STAGE 1
YASHOPTICS,STAGE 1
YATHARTH,STAGE 1
YATRA,STAGE 3
YCCL,STAGE 3
YESBANK,STAGE 1
YUDIZ,STAGE 4
YUKEN,STAGE 4
ZAGGLE,STAGE 4
ZEAL,STAGE 3
ZEEL,STAGE 4 and STAGE 1
ZEELEARN,STAGE 1
ZEEMEDIA,STAGE 4
ZENITHDRUG,STAGE 4
ZENITHEXPO,STAGE 4
ZENITHSTL,STAGE 4 and STAGE 1
ZENSARTECH,STAGE 3
ZENTEC,STAGE 4 and STAGE 1
ZFCVINDIA,STAGE 4
ZIMLAB,STAGE 2
ZODIAC,STAGE 4
ZODIACLOTH,STAGE 4
ZOTA,STAGE 4
ZTECH,STAGE 4
ZUARI,STAGE 4
ZUARIIND,STAGE 4
ZYDUSLIFE,STAGE 1
ZYDUSWELL,STAGE 1
603GS2029,STAGE 2
613GS2028,STAGE 4 and STAGE 1
636GS2031,STAGE 1
662GS2051,STAGE 4
668GS2033,STAGE 1
795GS2032,STAGE 2
817GS2044,STAGE 2
824GS2033,STAGE 3
828GS2032,STAGE 3
AARNAV,STAGE 4
ABSLFTTIRN,STAGE 1
ABSLMSCIN,STAGE 4
ADANIENPP1,STAGE 1
AQYLON,STAGE 1
ARIS,STAGE 2
AYE,STAGE 4 and STAGE 1
BIOPOL,STAGE 2
BONLON,STAGE 4 and STAGE 1
BRANDMAN,STAGE 4 and STAGE 1
CCAVENUE,STAGE 3
CEINSYS,STAGE 4 and STAGE 1
CKKRETAIL,STAGE 3
DCMSIL,STAGE 1
DEFENCE,STAGE 4 and STAGE 1
DIRL,STAGE 4 and STAGE 1
DSFCL,STAGE 1
DURLAX-RE,STAGE 1
FRACTAL,STAGE 4 and STAGE 1
GAUDIUMIVF,STAGE 4 and STAGE 1
GJL,STAGE 3
GROWWPSE,STAGE 4 and STAGE 1
HEALTHCARE,STAGE 1
HFMPCC50DD,STAGE 1
INFRA,STAGE 4 and STAGE 1
KWIL,STAGE 4
LTM,STAGE 3
MANILAM,STAGE 2
MARUSHIKA,STAGE 3
MPTODAY,STAGE 3
NXT-INFRA,STAGE 3
ONECAP-RE,STAGE 3
PRESS-RE,STAGE 3
SADHNA-RE,STAGE 3
SECL,STAGE 3
SICAL-RE,STAGE 3
SIGMAADV,STAGE 2
SILGOPP,STAGE 1
STALL-RE,STAGE 1
TCC,STAGE 4
5PAISA-RE,STAGE 1
679GS2027,STAGE 3
ABSL10BANK,STAGE 1
ABSLFTTIRG,STAGE 1
ACETEC,STAGE 1
AEPL,STAGE 1
AONESILVER,STAGE 2
APSISAERO,STAGE 2
ASIFRG,STAGE 1
BANK10ADD,STAGE 1
BCPL,STAGE 1
BHANDA-RE2,STAGE 1
CLEANMAX,STAGE 2
CMPDI,STAGE 2
DHARI-RE,STAGE 1
GROWWHOSPI,STAGE 2
GROWWPSUBK,STAGE 1
GSPCROP,STAGE 1
HCG-RE,STAGE 1
HILTON-RE2,STAGE 1
HSBCGOLD,STAGE 2
INA,STAGE 1
INNOVISION,STAGE 1
JFL-RE,STAGE 1
MARSONS,STAGE 1
MOBILISE,STAGE 2
OLIL-RE,STAGE 1
OMNI,STAGE 1
PNGSREVA,STAGE 1
PRABHA-RE,STAGE 1
RIIT,STAGE 1
RSL,STAGE 1
SBIMIDMOM,STAGE 1
SEDEMAC,STAGE 1
SHAIVAL,STAGE 1
SINGERIND,STAGE 1
SPCON,STAGE 1
SRTL,STAGE 1
STRIDERS,STAGE 1
TIL-RE1,STAGE 1
VALUE,STAGE 1
VERA,STAGE 1
YAAP,STAGE 1
3BBLACKBIO,STAGE 1
601GS2028,STAGE 3
645GS2029,STAGE 4 and STAGE 1
750GS2056,STAGE 1
815GS2026,STAGE 1
ABANSENT,STAGE 1
ABMKNO,STAGE 1
ABSLFTTJRN,STAGE 1
ACSTECH,STAGE 3
ADISOFT,STAGE 1
AHLWEST,STAGE 1
AKCAPIT,STAGE 1
AMBALALSA,STAGE 1
AMIRCHAND,STAGE 1
ARIHANT,STAGE 3
ASHIKA,STAGE 1
ASTAR,STAGE 1
AVAILFC,STAGE 1
AVATAR,STAGE 1
BAJAJST,STAGE 3
BATLIBOI,STAGE 1
BEEKAY,STAGE 1
BENGALASM,STAGE 1
BI,STAGE 1
BIMETAL,STAGE 1
BIRLAPREC,STAGE 1
BLACKROSE,STAGE 1
BLIL,STAGE 1
BNAGROCHEM,STAGE 1
BNALTD,STAGE 1
BTTL,STAGE 1
CITIUSINVT,STAGE 3
COCKERILL,STAGE 1
COMFINTE,STAGE 1
DAICHI,STAGE 1
DECNGOLD,STAGE 1
DISAQ,STAGE 1
DRAGARWQ,STAGE 1
ELANTAS,STAGE 1
ELCIDIN,STAGE 3
ELITECON,STAGE 3
ELPROINTL,STAGE 1
EMPOWER,STAGE 1
FALTECH-RE,STAGE 1
FEDDERSHOL,STAGE 1
FERMENTA,STAGE 3
FRONTSP,STAGE 1
GNRL,STAGE 1
GOODYEAR,STAGE 1
GRANDOAK,STAGE 3
GRAUWEIL,STAGE 3
GRAVISSHO,STAGE 1
HALDYNGL,STAGE 1
HAWKINCOOK,STAGE 3
HBESD,STAGE 1
HEALTHX,STAGE 1
INDPRUD,STAGE 1
INVPRECQ,STAGE 1
IWP,STAGE 1
JSWDULUX,STAGE 1
KAMAHOLD,STAGE 1
KANCHI,STAGE 1
KENNAMET,STAGE 1
KIRANVYPAR,STAGE 1
KIRLFER,STAGE 1
KLBRENG-B,STAGE 3
KOTIC,STAGE 1
KOVAI,STAGE 1
KPL,STAGE 1
LAHOTIOV,STAGE 3
LANDSMILL,STAGE 3
MADHAVIPL,STAGE 1
MAFATIND,STAGE 1
MAHAPE-RE,STAGE 1
MAJESAUT,STAGE 1
MCCHRLS-B,STAGE 1
MENNPIS,STAGE 1
MERCANTILE,STAGE 1
METROGLOBL,STAGE 1
MMWL,STAGE 1
MOBANK10,STAGE 3
NATIONSTD,STAGE 3
NEAGI,STAGE 1
NILE,STAGE 1
NIMBSPROJ,STAGE 1
NIRLON,STAGE 1
NITTAGELA,STAGE 1
NOVARTIND,STAGE 1
OMPOWER,STAGE 3
PIONRINV,STAGE 1
PML,STAGE 1
POWERICA,STAGE 1
PRABHAPP,STAGE 1
PRADPME,STAGE 1
PRAVEG,STAGE 1
PREMCO,STAGE 3
QUINT,STAGE 1
RAJPALAYAM,STAGE 1
RMC,STAGE 1
RRIL,STAGE 1
RSDFIN,STAGE 1
SAHLIBHFI,STAGE 3
SAIPARENT,STAGE 1
SAPPL,STAGE 1
SAYAJIHOTL,STAGE 1
SBINMID150,STAGE 1
SCANSTL,STAGE 1
SEIL,STAGE 1
SHARDUL,STAGE 1
SHBAJRG,STAGE 1
SHINDL,STAGE 1
SHRIKRISH,STAGE 1
SICAGEN,STAGE 1
SIKA,STAGE 3
SONAL,STAGE 3
SUNREST-RE,STAGE 1
SURYALA,STAGE 1
TAALTECH,STAGE 3
TAMBOLIIN,STAGE 1
TECHNVISN,STAGE 3
THACKER,STAGE 1
THAKDEV,STAGE 1
TILPP,STAGE 1
TIMEX,STAGE 1
TRANSPEK,STAGE 1
ULTRAMAR,STAGE 1
VELJAN,STAGE 1
VIVIDEL,STAGE 1
WELSPLSOL,STAGE 1
WIMPLAST,STAGE 3
WPIL,STAGE 1
ZFSTEERING,STAGE 3
ZSARACOM,STAGE 1
694GS2036,STAGE 1
759GS2029,STAGE 1
788GS2030,STAGE 3
AMBAAUTO,STAGE 1
BAGMANE,STAGE 1
EFCIL-RE,STAGE 1
GRADIENTE,STAGE 1
KISSHT,STAGE 1
SIMCA,STAGE 1
VALUE360,STAGE 1
ACLGATI,STAGE 1
AURDIS,STAGE 1
BANKETFADD,STAGE 1
CAPTRU-RE1,STAGE 3
CREATIVE,STAGE 2
DELPH-RE,STAGE 3
FUSIONPP,STAGE 3
GOLDETFADD,STAGE 2
GOLDSHARE,STAGE 2
IEML-RE,STAGE 3
INFIBPP,STAGE 1
ITETFADD,STAGE 2
JCHAC,STAGE 3
JETKNIT,STAGE 3
LAWSIKHO,STAGE 3
NIF10GETF,STAGE 1
NIF5GETF,STAGE 1
NIFITETF,STAGE 2
NIFMID150,STAGE 1
NIFTY50ADD,STAGE 1
ROLTA,STAGE 3
SGBDEC25,STAGE 3
SGBDEC2513,STAGE 4 and STAGE 1
SGBDEC25XI,STAGE 2
SGBJAN26,STAGE 2
SGBNOV25,STAGE 1
SGBNOV25VI,STAGE 1
SILVERETF,STAGE 2
SMLISUZU,STAGE 1
SMSLIFE,STAGE 1
UTIBANKETF,STAGE 1
UTINEXT50,STAGE 3
UTINIFTETF,STAGE 1
UTISENSETF,STAGE 1
UTISXN50,STAGE 1
725GR2028,STAGE 1
833GS2036,STAGE 1
ADANI-RE,STAGE 1
ATL-RE,STAGE 1
BAIDFIN-RE,STAGE 1
GOENKA,STAGE 3
KTL,STAGE 1
MARSHALL,STAGE 3
ROCK-RE,STAGE 1
SGBDEC2512,STAGE 1
SGBNOV258,STAGE 1
SGBNOV25IX,STAGE 1
SUULD,STAGE 3
YAARI,STAGE 1
679GS2029,STAGE 1
ADANIENPP,STAGE 1
HCC-RE1,STAGE 1
INDO-RE2,STAGE 1
KRISHFL-RE,STAGE 1
NACL-RE,STAGE 1
PATELEG-RE,STAGE 1
